model,H,condition,story,lag1_cosine_median,lag1_featurewise_corr_mean
pythia,8,normal,adollshouse,0.8839337585305536,0.267337377904652
pythia,8,normal,adventuresinsayingyes,0.8781002405220252,0.26129082557172706
pythia,8,normal,afatherscover,0.8440621075713696,0.2570946165843092
pythia,8,normal,againstthewind,0.8612840783167985,0.27880710245792933
pythia,8,normal,alternateithicatom,0.879548127639002,0.29246403455602227
pythia,8,normal,avatar,0.8610996548746421,0.3042096431098878
pythia,8,normal,backsideofthestorm,0.869661856545642,0.2764553127284595
pythia,8,normal,becomingindian,0.8829929084490802,0.28954099974612363
pythia,8,normal,beneaththemushroomcloud,0.8693693758535358,0.31260989140992196
pythia,8,normal,birthofanation,0.8833441814640364,0.2975695418900872
pythia,8,normal,bluehope,0.86922608492377,0.31482293183633286
pythia,8,normal,breakingupintheageofgoogle,0.8813806792139854,0.28438156751089233
pythia,8,normal,buck,0.8623000620472476,0.27739077724778627
pythia,8,normal,catfishingstrangerstofindmyself,0.8549820857863962,0.23823127745201125
pythia,8,normal,cautioneating,0.8704112243592954,0.32557076450066996
pythia,8,normal,christmas1940,0.862995770474683,0.2720514347271268
pythia,8,normal,cocoonoflove,0.8719321495338911,0.32026150404174086
pythia,8,normal,comingofageondeathrow,0.8778561250535695,0.2597791271882494
pythia,8,normal,exorcism,0.8800462562306255,0.33045988079337235
pythia,8,normal,eyespy,0.8792021462426975,0.3197711079473831
pythia,8,normal,firetestforlove,0.8856307447142734,0.2753326868939412
pythia,8,normal,food,0.8784882244487984,0.31467641612939173
pythia,8,normal,forgettingfear,0.8768262302729788,0.28316700361810326
pythia,8,normal,fromboyhoodtofatherhood,0.8938956833196376,0.2762682529295321
pythia,8,normal,gangstersandcookies,0.8788046611226372,0.31692194758174447
pythia,8,normal,goingthelibertyway,0.8863449398337326,0.2616504635929416
pythia,8,normal,goldiethegoldfish,0.8669583903694839,0.2920191544416825
pythia,8,normal,golfclubbing,0.871524708015676,0.3135364874374182
pythia,8,normal,gpsformylostidentity,0.8658753266642127,0.26870934601495144
pythia,8,normal,hangtime,0.8795572213214718,0.3275979366631394
pythia,8,normal,haveyoumethimyet,0.8713556454462732,0.28088875148930903
pythia,8,normal,howtodraw,0.8795015131709282,0.3081981208438416
pythia,8,normal,ifthishaircouldtalk,0.881548487976016,0.27636881140062786
pythia,8,normal,inamoment,0.8595830339770189,0.296562840992698
pythia,8,normal,itsabox,0.8660666304843052,0.28200117159293003
pythia,8,normal,jugglingandjesus,0.8510850245111966,0.2921077600843906
pythia,8,normal,kiksuya,0.8638339599401935,0.27951289817857455
pythia,8,normal,leavingbaghdad,0.875334762498191,0.27301855782188444
pythia,8,normal,legacy,0.8581184624174728,0.2912569508075355
pythia,8,normal,life,0.8664021676370008,0.28911083195564274
pythia,8,normal,lifeanddeathontheoregontrail,0.8873008497206301,0.3054304379635468
pythia,8,normal,lifereimagined,0.8734663550514554,0.3252371712044904
pythia,8,normal,listo,0.8826357711047382,0.31403594823521536
pythia,8,normal,mayorofthefreaks,0.8907865693096072,0.318113582247245
pythia,8,normal,metsmagic,0.879766821092731,0.29260158922664675
pythia,8,normal,mybackseatviewofagreatromance,0.861149492112542,0.23557071789292117
pythia,8,normal,myfathershands,0.8710123185547398,0.27397606745706055
pythia,8,normal,myfirstdaywiththeyankees,0.8951782609888469,0.2691029961374605
pythia,8,normal,naked,0.8896069678288185,0.27728262276465326
pythia,8,normal,notontheusualtour,0.8871917175173767,0.34081747124394174
pythia,8,normal,odetostepfather,0.8886487543741187,0.2815387856349701
pythia,8,normal,onlyonewaytofindout,0.8604621067276681,0.27402732633872257
pythia,8,normal,penpal,0.8882399224940203,0.3151193984890865
pythia,8,normal,quietfire,0.8604675665997402,0.35573070356946834
pythia,8,normal,reachingoutbetweenthebars,0.8651196364187764,0.2698237248670255
pythia,8,normal,shoppinginchina,0.870149297794535,0.2785515221840417
pythia,8,normal,singlewomanseekingmanwich,0.8602468771793407,0.25772974568718127
pythia,8,normal,sloth,0.8736829653844871,0.32310627242302165
pythia,8,normal,souls,0.8718485661571826,0.30668114798000035
pythia,8,normal,stagefright,0.8874602837178334,0.29205746889236756
pythia,8,normal,stumblinginthedark,0.8792499498378437,0.327906253588758
pythia,8,normal,superheroesjustforeachother,0.8555016047978748,0.24483852682801585
pythia,8,normal,sweetaspie,0.8440148245809859,0.3091838394515091
pythia,8,normal,swimmingwithastronauts,0.8803705931111138,0.3031963856807981
pythia,8,normal,thatthingonmyarm,0.8663499180613298,0.3448445104167103
pythia,8,normal,theadvancedbeginner,0.8644170814691594,0.289129619353941
pythia,8,normal,theclosetthatateeverything,0.8835012550786695,0.27386707935654153
pythia,8,normal,thecurse,0.8603048550207206,0.29496843263105327
pythia,8,normal,thefreedomridersandme,0.8673027757167907,0.3390998368675371
pythia,8,normal,theinterview,0.8633950151055388,0.305598254479839
pythia,8,normal,thepostmanalwayscalls,0.8642980113204508,0.30813774634249413
pythia,8,normal,theshower,0.8529879530335085,0.3077926463892073
pythia,8,normal,thetiniestbouquet,0.8604375483910711,0.2790601894948465
pythia,8,normal,thetriangleshirtwaistconnection,0.8865796564669364,0.3042322083732834
pythia,8,normal,threemonths,0.8758891919098952,0.28746499737453807
pythia,8,normal,thumbsup,0.8900221585301856,0.31083609302604237
pythia,8,normal,tildeath,0.8920600913762133,0.2789973734755582
pythia,8,normal,treasureisland,0.8587215752623103,0.30026873978647955
pythia,8,normal,undertheinfluence,0.864815300259338,0.29000177930213655
pythia,8,normal,vixenandtheussr,0.871216098315821,0.29975848017204193
pythia,8,normal,waitingtogo,0.8585668627071776,0.28132923216751865
pythia,8,normal,whenmothersbullyback,0.8691776084587768,0.2759387131271646
pythia,8,normal,wildwomenanddancingqueens,0.8777190666221363,0.3032022075015732
pythia,8,ctx1,adollshouse,0.9193715588093004,0.2326902995897706
pythia,8,ctx1,adventuresinsayingyes,0.9173111395725368,0.21279546930863305
pythia,8,ctx1,afatherscover,0.8912014633608468,0.21253135412322932
pythia,8,ctx1,againstthewind,0.9040500133712388,0.245257550450638
pythia,8,ctx1,alternateithicatom,0.9198119889100247,0.22702189313138998
pythia,8,ctx1,avatar,0.9047710737413112,0.278908181731608
pythia,8,ctx1,backsideofthestorm,0.9170158522572667,0.2081216846552243
pythia,8,ctx1,becomingindian,0.9255963856605007,0.19539152210198651
pythia,8,ctx1,beneaththemushroomcloud,0.9160433123701968,0.23623481538639182
pythia,8,ctx1,birthofanation,0.9214490816934326,0.22665730040355037
pythia,8,ctx1,bluehope,0.9072275544329762,0.2657067046207047
pythia,8,ctx1,breakingupintheageofgoogle,0.9240760987635598,0.2333669353055686
pythia,8,ctx1,buck,0.9106877597126747,0.22901217897766624
pythia,8,ctx1,catfishingstrangerstofindmyself,0.8987879440462024,0.18713977054862038
pythia,8,ctx1,cautioneating,0.9104323152598414,0.2646367971370914
pythia,8,ctx1,christmas1940,0.9151391620462237,0.2302381363385614
pythia,8,ctx1,cocoonoflove,0.9088940298191088,0.2683973354750881
pythia,8,ctx1,comingofageondeathrow,0.9198435193182112,0.18193499198452945
pythia,8,ctx1,exorcism,0.9232195475076176,0.26141670913786563
pythia,8,ctx1,eyespy,0.9193488647780282,0.25921323105280325
pythia,8,ctx1,firetestforlove,0.9267708451456591,0.22289811261743156
pythia,8,ctx1,food,0.9162154108004952,0.25421857232436823
pythia,8,ctx1,forgettingfear,0.9207926204401606,0.2543111179145287
pythia,8,ctx1,fromboyhoodtofatherhood,0.9355301950462845,0.22925811942479546
pythia,8,ctx1,gangstersandcookies,0.9221172202043388,0.2593006248622463
pythia,8,ctx1,goingthelibertyway,0.9196368883045942,0.20856388083980834
pythia,8,ctx1,goldiethegoldfish,0.9126409777967969,0.23576421610396273
pythia,8,ctx1,golfclubbing,0.9130920756226654,0.2755732325896378
pythia,8,ctx1,gpsformylostidentity,0.9088184803583632,0.21360182029683775
pythia,8,ctx1,hangtime,0.9181410629468111,0.2691589618951553
pythia,8,ctx1,haveyoumethimyet,0.9236630439373058,0.23986850767444853
pythia,8,ctx1,howtodraw,0.9218325547045627,0.26305583055220216
pythia,8,ctx1,ifthishaircouldtalk,0.9280761609855988,0.22920363286620696
pythia,8,ctx1,inamoment,0.9079013727073963,0.25779671573099866
pythia,8,ctx1,itsabox,0.9050937064972979,0.21523969987187275
pythia,8,ctx1,jugglingandjesus,0.9022472807158202,0.2766087403494073
pythia,8,ctx1,kiksuya,0.9097858291081075,0.22977892035208133
pythia,8,ctx1,leavingbaghdad,0.9232125459828439,0.19918464272170322
pythia,8,ctx1,legacy,0.8990803826004308,0.2426098999004692
pythia,8,ctx1,life,0.9076798389765439,0.24234562703729448
pythia,8,ctx1,lifeanddeathontheoregontrail,0.9292573423292794,0.2638159780127638
pythia,8,ctx1,lifereimagined,0.9171438802123932,0.2855510776934433
pythia,8,ctx1,listo,0.9209543380854863,0.23870197474646518
pythia,8,ctx1,mayorofthefreaks,0.9315840481968458,0.2508013252508759
pythia,8,ctx1,metsmagic,0.9193643703129599,0.24851552998117996
pythia,8,ctx1,mybackseatviewofagreatromance,0.9055054429823156,0.17823619389872358
pythia,8,ctx1,myfathershands,0.9146313077323087,0.22378321113729313
pythia,8,ctx1,myfirstdaywiththeyankees,0.9333640268113271,0.20137904934446793
pythia,8,ctx1,naked,0.9310931918800776,0.23200110977578123
pythia,8,ctx1,notontheusualtour,0.9201034772448555,0.2935328094241547
pythia,8,ctx1,odetostepfather,0.9238117739073108,0.22931644680453878
pythia,8,ctx1,onlyonewaytofindout,0.9101037139174096,0.2089120542678294
pythia,8,ctx1,penpal,0.9210547472471541,0.25298261232864633
pythia,8,ctx1,quietfire,0.905787449837495,0.29668092508150873
pythia,8,ctx1,reachingoutbetweenthebars,0.9079661977471116,0.2409983041187818
pythia,8,ctx1,shoppinginchina,0.9172713823883266,0.25998051709046094
pythia,8,ctx1,singlewomanseekingmanwich,0.9130191309952499,0.2142433133851586
pythia,8,ctx1,sloth,0.9136024354361748,0.25604374584597894
pythia,8,ctx1,souls,0.9154903036575465,0.26241843568601736
pythia,8,ctx1,stagefright,0.9260769171202018,0.24156201426711585
pythia,8,ctx1,stumblinginthedark,0.9158595074953821,0.2647636152845081
pythia,8,ctx1,superheroesjustforeachother,0.9056549699865546,0.1987446089395725
pythia,8,ctx1,sweetaspie,0.8916251252914847,0.2778184434177446
pythia,8,ctx1,swimmingwithastronauts,0.9194254797225754,0.24884239180060694
pythia,8,ctx1,thatthingonmyarm,0.9070835404859907,0.2709486311019874
pythia,8,ctx1,theadvancedbeginner,0.9069933499202114,0.25465592303728973
pythia,8,ctx1,theclosetthatateeverything,0.921736193809533,0.2258144852929546
pythia,8,ctx1,thecurse,0.9037386523539575,0.25773700127246263
pythia,8,ctx1,thefreedomridersandme,0.9064910072451723,0.2897035683886445
pythia,8,ctx1,theinterview,0.9187886112139175,0.283879407199288
pythia,8,ctx1,thepostmanalwayscalls,0.908089207644498,0.2526074415611265
pythia,8,ctx1,theshower,0.8909446638695793,0.24741907242526714
pythia,8,ctx1,thetiniestbouquet,0.9025530550945049,0.25769106759182664
pythia,8,ctx1,thetriangleshirtwaistconnection,0.9257014402032326,0.26888689079063416
pythia,8,ctx1,threemonths,0.9139149058809946,0.2271572177818606
pythia,8,ctx1,thumbsup,0.9311961383105956,0.24333345666964887
pythia,8,ctx1,tildeath,0.9304557404972161,0.24124929829952388
pythia,8,ctx1,treasureisland,0.9012139532358449,0.23425068329990437
pythia,8,ctx1,undertheinfluence,0.9140838144984983,0.22411126995886188
pythia,8,ctx1,vixenandtheussr,0.9125854556575461,0.21965769576319857
pythia,8,ctx1,waitingtogo,0.9074387070913206,0.22335369273732367
pythia,8,ctx1,whenmothersbullyback,0.9092552723592251,0.23035484312722695
pythia,8,ctx1,wildwomenanddancingqueens,0.9158551207794974,0.25567557567712906
pythia,128,normal,adollshouse,0.8846195972103656,0.3597238853199595
pythia,128,normal,adventuresinsayingyes,0.85603225205778,0.34245702111681037
pythia,128,normal,afatherscover,0.8206538868220974,0.30232164277968293
pythia,128,normal,againstthewind,0.840090726273045,0.35029082796066274
pythia,128,normal,alternateithicatom,0.8616117564532371,0.38767645709894943
pythia,128,normal,avatar,0.8425931117988298,0.37457082632059097
pythia,128,normal,backsideofthestorm,0.853828949681887,0.3544800751227187
pythia,128,normal,becomingindian,0.8628554952152832,0.3828844397439011
pythia,128,normal,beneaththemushroomcloud,0.8553924890357758,0.38398944277934705
pythia,128,normal,birthofanation,0.8579459124525082,0.3912400304785484
pythia,128,normal,bluehope,0.8554714340326673,0.40049248002665333
pythia,128,normal,breakingupintheageofgoogle,0.8742956821425198,0.3918940187025369
pythia,128,normal,buck,0.8419392771551235,0.34749205890286805
pythia,128,normal,catfishingstrangerstofindmyself,0.8321512556324441,0.29167007327947764
pythia,128,normal,cautioneating,0.855537596015145,0.42293488774249627
pythia,128,normal,christmas1940,0.843853806330214,0.31965581997516374
pythia,128,normal,cocoonoflove,0.8607983451873917,0.4067121538123855
pythia,128,normal,comingofageondeathrow,0.8555874185687408,0.32524937760150135
pythia,128,normal,exorcism,0.8662645346844858,0.45165872390061573
pythia,128,normal,eyespy,0.8663987465842418,0.41957668064166437
pythia,128,normal,firetestforlove,0.8670028042282202,0.3859600181209259
pythia,128,normal,food,0.8601478300189713,0.3979783572860362
pythia,128,normal,forgettingfear,0.8656105065562204,0.3704258741070919
pythia,128,normal,fromboyhoodtofatherhood,0.8836527526891629,0.40819108355878764
pythia,128,normal,gangstersandcookies,0.8669346967775877,0.40724104807184136
pythia,128,normal,goingthelibertyway,0.8737344501766853,0.3733564097791627
pythia,128,normal,goldiethegoldfish,0.8412204167634878,0.36431834577493455
pythia,128,normal,golfclubbing,0.8627479937591767,0.40710515018577315
pythia,128,normal,gpsformylostidentity,0.8470396275095791,0.3425505911780433
pythia,128,normal,hangtime,0.8767656062719423,0.4332095172824079
pythia,128,normal,haveyoumethimyet,0.8500325918873386,0.362768300869808
pythia,128,normal,howtodraw,0.8554814114940456,0.37825222559597416
pythia,128,normal,ifthishaircouldtalk,0.887085227451261,0.3774071395542497
pythia,128,normal,inamoment,0.8125504568736208,0.35406175469504286
pythia,128,normal,itsabox,0.8302542060775533,0.33826529607255135
pythia,128,normal,jugglingandjesus,0.8268650009254693,0.3441952010973761
pythia,128,normal,kiksuya,0.8423952753390478,0.34851714792492433
pythia,128,normal,leavingbaghdad,0.8656849537737271,0.34363614757856425
pythia,128,normal,legacy,0.8498998062147467,0.36177318802922737
pythia,128,normal,life,0.8548904768001304,0.3723327581006957
pythia,128,normal,lifeanddeathontheoregontrail,0.8704283829949138,0.4047908956767065
pythia,128,normal,lifereimagined,0.8581474362963728,0.4246513335373548
pythia,128,normal,listo,0.8800031290706406,0.425780913317865
pythia,128,normal,mayorofthefreaks,0.8781253100300034,0.4229809262506598
pythia,128,normal,metsmagic,0.8520701546104815,0.39235626317181965
pythia,128,normal,mybackseatviewofagreatromance,0.8373541430404041,0.286360048413059
pythia,128,normal,myfathershands,0.8647574884569637,0.35394725912632746
pythia,128,normal,myfirstdaywiththeyankees,0.8812421068007396,0.37802926811804644
pythia,128,normal,naked,0.8776779689614935,0.3867134298939616
pythia,128,normal,notontheusualtour,0.8644365605928984,0.4365870755813617
pythia,128,normal,odetostepfather,0.8866253682838596,0.38585970763883903
pythia,128,normal,onlyonewaytofindout,0.8463954382374796,0.33884080850301207
pythia,128,normal,penpal,0.8672571904789855,0.4041802818821126
pythia,128,normal,quietfire,0.8360679763344777,0.4250608709902508
pythia,128,normal,reachingoutbetweenthebars,0.8401712783581876,0.3383594881586733
pythia,128,normal,shoppinginchina,0.8404955987911876,0.35670158829306914
pythia,128,normal,singlewomanseekingmanwich,0.83917301152621,0.32102876468453895
pythia,128,normal,sloth,0.8554067187157179,0.41366336004090587
pythia,128,normal,souls,0.850259383110723,0.38576220578737397
pythia,128,normal,stagefright,0.8771365778077779,0.39944772575370796
pythia,128,normal,stumblinginthedark,0.8756933151876316,0.4320110378439123
pythia,128,normal,superheroesjustforeachother,0.8317754702189928,0.29079595821903154
pythia,128,normal,sweetaspie,0.8084300475397699,0.36678942527674935
pythia,128,normal,swimmingwithastronauts,0.8643996578253685,0.40054217987649904
pythia,128,normal,thatthingonmyarm,0.8512301207054345,0.43246819051024876
pythia,128,normal,theadvancedbeginner,0.8500614295665729,0.3728018665174245
pythia,128,normal,theclosetthatateeverything,0.8639975759772046,0.3684423999175528
pythia,128,normal,thecurse,0.8425360002039118,0.37525612116162543
pythia,128,normal,thefreedomridersandme,0.8565119216320196,0.42599534157819385
pythia,128,normal,theinterview,0.8433819599658202,0.36984200193658373
pythia,128,normal,thepostmanalwayscalls,0.8375430595918791,0.3802274353186565
pythia,128,normal,theshower,0.8321224502772413,0.3528853025314069
pythia,128,normal,thetiniestbouquet,0.839248636468111,0.3499310721763494
pythia,128,normal,thetriangleshirtwaistconnection,0.8760858326965052,0.4007118612812401
pythia,128,normal,threemonths,0.8556158139210204,0.36977671044929306
pythia,128,normal,thumbsup,0.8918187227457348,0.41912438011530534
pythia,128,normal,tildeath,0.8811446432164564,0.3826516837095533
pythia,128,normal,treasureisland,0.829627410684129,0.3731150421078846
pythia,128,normal,undertheinfluence,0.849198714422401,0.3692935361315395
pythia,128,normal,vixenandtheussr,0.8567803560964935,0.38337810181995424
pythia,128,normal,waitingtogo,0.846393048304543,0.3479357976056198
pythia,128,normal,whenmothersbullyback,0.8410963312933464,0.34475724062309143
pythia,128,normal,wildwomenanddancingqueens,0.874888535434498,0.4067729899117225
pythia,128,ctx1,adollshouse,0.9539926453583103,0.34954404947904205
pythia,128,ctx1,adventuresinsayingyes,0.9513312608304096,0.3452267375200872
pythia,128,ctx1,afatherscover,0.93086802451208,0.2599420275868025
pythia,128,ctx1,againstthewind,0.9417437325418994,0.339530265868251
pythia,128,ctx1,alternateithicatom,0.9496480395994212,0.3537401959733943
pythia,128,ctx1,avatar,0.9348249960545669,0.3918733421928333
pythia,128,ctx1,backsideofthestorm,0.95409577093344,0.32007537687495635
pythia,128,ctx1,becomingindian,0.9572881129925661,0.31362273028622445
pythia,128,ctx1,beneaththemushroomcloud,0.9503169583753228,0.3412994925802857
pythia,128,ctx1,birthofanation,0.955475101697006,0.36092265342380053
pythia,128,ctx1,bluehope,0.9430556287189293,0.40760348574496463
pythia,128,ctx1,breakingupintheageofgoogle,0.9561024175764183,0.3810456586618489
pythia,128,ctx1,buck,0.9418209478565968,0.33237322149834725
pythia,128,ctx1,catfishingstrangerstofindmyself,0.9400116822528285,0.24206115756338029
pythia,128,ctx1,cautioneating,0.945809575014418,0.40997897251246807
pythia,128,ctx1,christmas1940,0.9457761787023935,0.335704775654252
pythia,128,ctx1,cocoonoflove,0.9450114346690351,0.4104370826906649
pythia,128,ctx1,comingofageondeathrow,0.9554099563552676,0.28803053096042647
pythia,128,ctx1,exorcism,0.9543965968671547,0.44515661919980226
pythia,128,ctx1,eyespy,0.9506722803130558,0.41042536622186737
pythia,128,ctx1,firetestforlove,0.9557883987342699,0.3678695253865582
pythia,128,ctx1,food,0.9508556558189609,0.3961882636007914
pythia,128,ctx1,forgettingfear,0.951268061532393,0.38826310707016637
pythia,128,ctx1,fromboyhoodtofatherhood,0.962074765926983,0.4208424277043561
pythia,128,ctx1,gangstersandcookies,0.9543148636607494,0.40667419682270073
pythia,128,ctx1,goingthelibertyway,0.9517281797215104,0.3644225383103809
pythia,128,ctx1,goldiethegoldfish,0.9446781778637396,0.3556602668349094
pythia,128,ctx1,golfclubbing,0.9487121804354527,0.4287252947165774
pythia,128,ctx1,gpsformylostidentity,0.9482078376729355,0.32095484226686793
pythia,128,ctx1,hangtime,0.94934644550239,0.42914999282069105
pythia,128,ctx1,haveyoumethimyet,0.9531446281803415,0.3737403161091195
pythia,128,ctx1,howtodraw,0.9505021004392252,0.39910328460835015
pythia,128,ctx1,ifthishaircouldtalk,0.9551337458313518,0.3883040737758397
pythia,128,ctx1,inamoment,0.9407692955201454,0.39452136244313474
pythia,128,ctx1,itsabox,0.9427569435240789,0.30820286720619866
pythia,128,ctx1,jugglingandjesus,0.9338327267709785,0.3894521711951385
pythia,128,ctx1,kiksuya,0.9415734059760611,0.3544095678440918
pythia,128,ctx1,leavingbaghdad,0.9518816291047203,0.30193774924513467
pythia,128,ctx1,legacy,0.9402392813548301,0.34008446884089066
pythia,128,ctx1,life,0.9467995771180361,0.36333842673990385
pythia,128,ctx1,lifeanddeathontheoregontrail,0.9546718720751651,0.4266649130951065
pythia,128,ctx1,lifereimagined,0.9504026302109327,0.4262970772529117
pythia,128,ctx1,listo,0.9537529589605456,0.38570043005477195
pythia,128,ctx1,mayorofthefreaks,0.9612334692424483,0.40970726288878634
pythia,128,ctx1,metsmagic,0.9513117770453716,0.4004557458642826
pythia,128,ctx1,mybackseatviewofagreatromance,0.940939824450894,0.2443502336032182
pythia,128,ctx1,myfathershands,0.9450887891362023,0.3443411329616583
pythia,128,ctx1,myfirstdaywiththeyankees,0.958819776398721,0.3527987005364224
pythia,128,ctx1,naked,0.958490295511478,0.38312602403933016
pythia,128,ctx1,notontheusualtour,0.9504798929683981,0.44797702159393665
pythia,128,ctx1,odetostepfather,0.9523378196265208,0.359502153475549
pythia,128,ctx1,onlyonewaytofindout,0.9440184660022659,0.31938942988650054
pythia,128,ctx1,penpal,0.9532904069178618,0.41313414886549005
pythia,128,ctx1,quietfire,0.9408371926730897,0.4501338345929877
pythia,128,ctx1,reachingoutbetweenthebars,0.9444051742407725,0.36654158845864826
pythia,128,ctx1,shoppinginchina,0.9492335473718327,0.3903680317276592
pythia,128,ctx1,singlewomanseekingmanwich,0.9467852376246604,0.30492169172131617
pythia,128,ctx1,sloth,0.9484601524245533,0.38804810820743696
pythia,128,ctx1,souls,0.944598486886279,0.39588737514144756
pythia,128,ctx1,stagefright,0.9552244239578022,0.39845654432599414
pythia,128,ctx1,stumblinginthedark,0.9490528671400296,0.4082421026573925
pythia,128,ctx1,superheroesjustforeachother,0.941252930804434,0.2722779523017602
pythia,128,ctx1,sweetaspie,0.9221616483879904,0.3842509380953119
pythia,128,ctx1,swimmingwithastronauts,0.9512692043254906,0.37917540289428203
pythia,128,ctx1,thatthingonmyarm,0.9417854706712788,0.3999600704537342
pythia,128,ctx1,theadvancedbeginner,0.9358094583603359,0.3879999774992271
pythia,128,ctx1,theclosetthatateeverything,0.9558158292945259,0.3785960343961669
pythia,128,ctx1,thecurse,0.9355693578240702,0.3630149634590231
pythia,128,ctx1,thefreedomridersandme,0.9469467827246504,0.4482705373504266
pythia,128,ctx1,theinterview,0.9477169080450966,0.4105771132395444
pythia,128,ctx1,thepostmanalwayscalls,0.9401558228876133,0.361300915761024
pythia,128,ctx1,theshower,0.9292238615661381,0.3539040736369364
pythia,128,ctx1,thetiniestbouquet,0.9417261074557537,0.38223553347493766
pythia,128,ctx1,thetriangleshirtwaistconnection,0.954513222064369,0.44697628513675514
pythia,128,ctx1,threemonths,0.9476798591015978,0.35093509121388067
pythia,128,ctx1,thumbsup,0.9590870366403444,0.4198787787541183
pythia,128,ctx1,tildeath,0.960799066287857,0.42283054394466174
pythia,128,ctx1,treasureisland,0.9384913150845691,0.33804785372470386
pythia,128,ctx1,undertheinfluence,0.947875009950891,0.33469519685234833
pythia,128,ctx1,vixenandtheussr,0.9472783150729265,0.35702523065799435
pythia,128,ctx1,waitingtogo,0.9452082345559292,0.32335854630646593
pythia,128,ctx1,whenmothersbullyback,0.9461722689088264,0.33217118937455076
pythia,128,ctx1,wildwomenanddancingqueens,0.9479098554318602,0.40958922011203563
rwkv,8,normal,adollshouse,0.9916129934894772,0.2737389828061862
rwkv,8,normal,adventuresinsayingyes,0.9899892831883863,0.2702751635310667
rwkv,8,normal,afatherscover,0.9877274196298155,0.27344176512601864
rwkv,8,normal,againstthewind,0.9883318830869009,0.2753550485536288
rwkv,8,normal,alternateithicatom,0.9904444396181412,0.2936471019329067
rwkv,8,normal,avatar,0.9887553926704045,0.3037080796359162
rwkv,8,normal,backsideofthestorm,0.989726953770774,0.2832788843220049
rwkv,8,normal,becomingindian,0.9906870832127144,0.3088638402719665
rwkv,8,normal,beneaththemushroomcloud,0.9897178105566704,0.31963290827620916
rwkv,8,normal,birthofanation,0.9904496473057107,0.3054783404292427
rwkv,8,normal,bluehope,0.9896394278136835,0.31466303354737263
rwkv,8,normal,breakingupintheageofgoogle,0.9907408596344045,0.28174595485083637
rwkv,8,normal,buck,0.9889205960384844,0.2797485044802422
rwkv,8,normal,catfishingstrangerstofindmyself,0.9881075913494226,0.23976518332058724
rwkv,8,normal,cautioneating,0.9891277939109075,0.33126640668634366
rwkv,8,normal,christmas1940,0.9885442146011598,0.27561978288357747
rwkv,8,normal,cocoonoflove,0.9895025317311185,0.321813222038192
rwkv,8,normal,comingofageondeathrow,0.9899417608739015,0.27696636943905806
rwkv,8,normal,exorcism,0.9907632732052573,0.3311762538567791
rwkv,8,normal,eyespy,0.9904391026655988,0.31836072299220725
rwkv,8,normal,firetestforlove,0.9909310548386518,0.28328848463640566
rwkv,8,normal,food,0.9893449890187699,0.3237859397351572
rwkv,8,normal,forgettingfear,0.9898933907450289,0.27891137861641474
rwkv,8,normal,fromboyhoodtofatherhood,0.992047982707372,0.28084689580844235
rwkv,8,normal,gangstersandcookies,0.9902021834628996,0.32335289546192386
rwkv,8,normal,goingthelibertyway,0.9908454138952021,0.27148465649494813
rwkv,8,normal,goldiethegoldfish,0.9887101473983672,0.293849135649677
rwkv,8,normal,golfclubbing,0.9901923668551138,0.30135818984846624
rwkv,8,normal,gpsformylostidentity,0.9892375410138414,0.27211460154635
rwkv,8,normal,hangtime,0.9907416183016973,0.3218216830946477
rwkv,8,normal,haveyoumethimyet,0.9901560642024625,0.2830804938359927
rwkv,8,normal,howtodraw,0.9903297876885961,0.3054485831891433
rwkv,8,normal,ifthishaircouldtalk,0.9913126384341275,0.2774947538443782
rwkv,8,normal,inamoment,0.9882928864902045,0.29863446524025344
rwkv,8,normal,itsabox,0.9885372544895255,0.2850812081784411
rwkv,8,normal,jugglingandjesus,0.9886446636774893,0.2965899151496488
rwkv,8,normal,kiksuya,0.9893234007665671,0.2807313021320008
rwkv,8,normal,leavingbaghdad,0.9900650723411922,0.29194380838235884
rwkv,8,normal,legacy,0.9884600993906547,0.2863003178949967
rwkv,8,normal,life,0.9897090433928255,0.2830251112622039
rwkv,8,normal,lifeanddeathontheoregontrail,0.9912285621719137,0.3070430426442347
rwkv,8,normal,lifereimagined,0.9900789281290663,0.32595514807781933
rwkv,8,normal,listo,0.990555894170665,0.3220342264328093
rwkv,8,normal,mayorofthefreaks,0.9913205341923038,0.32202392729010604
rwkv,8,normal,metsmagic,0.9907526160568516,0.30072720108253415
rwkv,8,normal,mybackseatviewofagreatromance,0.9885051440466441,0.24349962640508702
rwkv,8,normal,myfathershands,0.9899077815888635,0.2794460758720107
rwkv,8,normal,myfirstdaywiththeyankees,0.9918959644207053,0.2770516143490394
rwkv,8,normal,naked,0.9912213043859357,0.28223435894853605
rwkv,8,normal,notontheusualtour,0.9906009563019775,0.3320912386444789
rwkv,8,normal,odetostepfather,0.9915468861311799,0.2845948463509301
rwkv,8,normal,onlyonewaytofindout,0.9884210175691462,0.2784537593593663
rwkv,8,normal,penpal,0.9912545067223351,0.32338734692065757
rwkv,8,normal,quietfire,0.9881518416390432,0.3643512172892363
rwkv,8,normal,reachingoutbetweenthebars,0.9883958261181257,0.26887152431234096
rwkv,8,normal,shoppinginchina,0.9894064245282296,0.272589931967938
rwkv,8,normal,singlewomanseekingmanwich,0.9889059559735516,0.27054846817254546
rwkv,8,normal,sloth,0.9902912775578266,0.32575251493509866
rwkv,8,normal,souls,0.9897702192417601,0.2992567482881579
rwkv,8,normal,stagefright,0.9909462370398243,0.2930981731376918
rwkv,8,normal,stumblinginthedark,0.9906390372794472,0.3250288248811221
rwkv,8,normal,superheroesjustforeachother,0.9878099407491764,0.24603672262734078
rwkv,8,normal,sweetaspie,0.9868594905448711,0.29712525435156517
rwkv,8,normal,swimmingwithastronauts,0.990540730738083,0.2959167380668598
rwkv,8,normal,thatthingonmyarm,0.9893054248851082,0.3495476001071081
rwkv,8,normal,theadvancedbeginner,0.9892863859440255,0.2843024096764347
rwkv,8,normal,theclosetthatateeverything,0.9906774783098939,0.264940224055237
rwkv,8,normal,thecurse,0.9888529612955143,0.29388343455267923
rwkv,8,normal,thefreedomridersandme,0.9897697543451491,0.3380845254315547
rwkv,8,normal,theinterview,0.989360543403511,0.3067301394863898
rwkv,8,normal,thepostmanalwayscalls,0.9891281021871876,0.3096305381294377
rwkv,8,normal,theshower,0.9875979477905189,0.30645182145670313
rwkv,8,normal,thetiniestbouquet,0.988208084426256,0.2811150923687763
rwkv,8,normal,thetriangleshirtwaistconnection,0.9906427854658111,0.31142322309926684
rwkv,8,normal,threemonths,0.98926390542229,0.2797604795603026
rwkv,8,normal,thumbsup,0.9920308500519613,0.3151447123669653
rwkv,8,normal,tildeath,0.9914907058482313,0.28063366096287823
rwkv,8,normal,treasureisland,0.9888746801378774,0.3050427646130258
rwkv,8,normal,undertheinfluence,0.9897432511061666,0.3092033650255943
rwkv,8,normal,vixenandtheussr,0.9899510862219132,0.31933742662019654
rwkv,8,normal,waitingtogo,0.9889963355429927,0.29504051322256114
rwkv,8,normal,whenmothersbullyback,0.9893492144706408,0.286052228451999
rwkv,8,normal,wildwomenanddancingqueens,0.9909076884892223,0.29876124367578094
rwkv,8,ctx1,adollshouse,0.9954776588488665,0.2414158996803013
rwkv,8,ctx1,adventuresinsayingyes,0.9949480300919642,0.21553709032449783
rwkv,8,ctx1,afatherscover,0.9935773588424922,0.21988438653473188
rwkv,8,ctx1,againstthewind,0.9938953473818493,0.25186418136906497
rwkv,8,ctx1,alternateithicatom,0.9950505079317176,0.23598125228317968
rwkv,8,ctx1,avatar,0.9937609768210365,0.292459421347635
rwkv,8,ctx1,backsideofthestorm,0.9951563323465944,0.2212093187350905
rwkv,8,ctx1,becomingindian,0.9954260819166488,0.20438413974311942
rwkv,8,ctx1,beneaththemushroomcloud,0.9946875442405401,0.2342286186766711
rwkv,8,ctx1,birthofanation,0.9951315699160919,0.23553854336096622
rwkv,8,ctx1,bluehope,0.994527099583356,0.2799967390602607
rwkv,8,ctx1,breakingupintheageofgoogle,0.9953967176701888,0.2446660206411857
rwkv,8,ctx1,buck,0.9944623527339072,0.23909102679276892
rwkv,8,ctx1,catfishingstrangerstofindmyself,0.9937063036498152,0.20620698151130182
rwkv,8,ctx1,cautioneating,0.9945629432332115,0.2755895245586133
rwkv,8,ctx1,christmas1940,0.9942554158394574,0.2514998655005396
rwkv,8,ctx1,cocoonoflove,0.9943397937144014,0.28158071095881376
rwkv,8,ctx1,comingofageondeathrow,0.9950521838997917,0.19334675739989718
rwkv,8,ctx1,exorcism,0.9952934637317453,0.2794778201912198
rwkv,8,ctx1,eyespy,0.9950755296514394,0.2683519015063659
rwkv,8,ctx1,firetestforlove,0.9954664821548799,0.22534675988318806
rwkv,8,ctx1,food,0.9946854486062737,0.26365030542267015
rwkv,8,ctx1,forgettingfear,0.9947942439362905,0.2605371700980288
rwkv,8,ctx1,fromboyhoodtofatherhood,0.9960674359188395,0.22754789269549333
rwkv,8,ctx1,gangstersandcookies,0.9950709058027473,0.26415629704518545
rwkv,8,ctx1,goingthelibertyway,0.9948827690362838,0.2197094682822143
rwkv,8,ctx1,goldiethegoldfish,0.9947222368052423,0.24618954373549118
rwkv,8,ctx1,golfclubbing,0.995212306999733,0.28519145170517474
rwkv,8,ctx1,gpsformylostidentity,0.9942846474173463,0.22366032006178696
rwkv,8,ctx1,hangtime,0.9950554214978171,0.26972229045886625
rwkv,8,ctx1,haveyoumethimyet,0.99507309880997,0.24457615597369065
rwkv,8,ctx1,howtodraw,0.995100822187197,0.26551189019361454
rwkv,8,ctx1,ifthishaircouldtalk,0.9957056722177963,0.23389106424532613
rwkv,8,ctx1,inamoment,0.9938002263867616,0.27433661927621683
rwkv,8,ctx1,itsabox,0.9944779228724581,0.2272459477013872
rwkv,8,ctx1,jugglingandjesus,0.9939480525365437,0.2847793944994655
rwkv,8,ctx1,kiksuya,0.9942165198264035,0.23343840575909844
rwkv,8,ctx1,leavingbaghdad,0.9951129859996477,0.19976052573074002
rwkv,8,ctx1,legacy,0.9937452122073236,0.24176055502277638
rwkv,8,ctx1,life,0.994704106511481,0.25002529923976824
rwkv,8,ctx1,lifeanddeathontheoregontrail,0.9954410442208914,0.25987248559711656
rwkv,8,ctx1,lifereimagined,0.9949885043061866,0.29359878143764767
rwkv,8,ctx1,listo,0.9951943727721996,0.24857149418099475
rwkv,8,ctx1,mayorofthefreaks,0.995716688263417,0.25855474025642133
rwkv,8,ctx1,metsmagic,0.9954302747019541,0.256497578367753
rwkv,8,ctx1,mybackseatviewofagreatromance,0.9940627774813903,0.18348058472664608
rwkv,8,ctx1,myfathershands,0.9945110334714304,0.23052636535254814
rwkv,8,ctx1,myfirstdaywiththeyankees,0.9959667573379991,0.20221287782220898
rwkv,8,ctx1,naked,0.995735744296347,0.23231751857379881
rwkv,8,ctx1,notontheusualtour,0.995098387276415,0.3018173746415347
rwkv,8,ctx1,odetostepfather,0.9952259377661585,0.22892706059354737
rwkv,8,ctx1,onlyonewaytofindout,0.9940642121920951,0.22306054417033624
rwkv,8,ctx1,penpal,0.9950791077557343,0.25675285429487177
rwkv,8,ctx1,quietfire,0.994094062350212,0.31339646717904796
rwkv,8,ctx1,reachingoutbetweenthebars,0.9941943462239637,0.24620947713376198
rwkv,8,ctx1,shoppinginchina,0.9944147942698628,0.2662851467301315
rwkv,8,ctx1,singlewomanseekingmanwich,0.9947010668773336,0.22604425374883277
rwkv,8,ctx1,sloth,0.99471770223535,0.2595310376160125
rwkv,8,ctx1,souls,0.9946299189985517,0.2582462901937959
rwkv,8,ctx1,stagefright,0.9955126898709878,0.24684901707658283
rwkv,8,ctx1,stumblinginthedark,0.9950014418675411,0.2642167482502853
rwkv,8,ctx1,superheroesjustforeachother,0.9939841342317395,0.20991463080377024
rwkv,8,ctx1,sweetaspie,0.9931438616770547,0.2727309719729781
rwkv,8,ctx1,swimmingwithastronauts,0.9949770721665407,0.24975920612608205
rwkv,8,ctx1,thatthingonmyarm,0.9941153260321873,0.27568018507203074
rwkv,8,ctx1,theadvancedbeginner,0.9944420804889114,0.2550816518433255
rwkv,8,ctx1,theclosetthatateeverything,0.9952357718290809,0.22902352544732016
rwkv,8,ctx1,thecurse,0.9942012921645008,0.2627430503779135
rwkv,8,ctx1,thefreedomridersandme,0.9945954865506004,0.29621965804258793
rwkv,8,ctx1,theinterview,0.9947536067346381,0.2889312920790039
rwkv,8,ctx1,thepostmanalwayscalls,0.9943066304134882,0.2597511142839159
rwkv,8,ctx1,theshower,0.9932752109132557,0.26622294373433103
rwkv,8,ctx1,thetiniestbouquet,0.9944032550816191,0.2621170354780889
rwkv,8,ctx1,thetriangleshirtwaistconnection,0.995497052116116,0.2698971279001506
rwkv,8,ctx1,threemonths,0.9948459936121237,0.2300373992681244
rwkv,8,ctx1,thumbsup,0.9959286516392082,0.2495862957195847
rwkv,8,ctx1,tildeath,0.9957786385822003,0.2413198781939736
rwkv,8,ctx1,treasureisland,0.9939420638149411,0.2450927552118202
rwkv,8,ctx1,undertheinfluence,0.994788473917201,0.24686206845600456
rwkv,8,ctx1,vixenandtheussr,0.9946703443995164,0.23792109651220858
rwkv,8,ctx1,waitingtogo,0.9942072844928294,0.24769608348682767
rwkv,8,ctx1,whenmothersbullyback,0.9941536050522136,0.24128657141204338
rwkv,8,ctx1,wildwomenanddancingqueens,0.9949509413296937,0.25828983670849237
rwkv,128,normal,adollshouse,0.991998007521316,0.36576689602474327
rwkv,128,normal,adventuresinsayingyes,0.9905406036221839,0.35965257244276505
rwkv,128,normal,afatherscover,0.987719518391729,0.32129366284620864
rwkv,128,normal,againstthewind,0.9893502137935485,0.37119681412792777
rwkv,128,normal,alternateithicatom,0.9914965543427792,0.40337063931506867
rwkv,128,normal,avatar,0.9895518715057308,0.3803300914275163
rwkv,128,normal,backsideofthestorm,0.9900601966526732,0.3790154882260965
rwkv,128,normal,becomingindian,0.9915801110354603,0.4265459943977663
rwkv,128,normal,beneaththemushroomcloud,0.9900161203222553,0.4036905110105049
rwkv,128,normal,birthofanation,0.9912085686133115,0.4145521247744431
rwkv,128,normal,bluehope,0.9913105621910849,0.414164203757654
rwkv,128,normal,breakingupintheageofgoogle,0.9915023834935415,0.39617744338309685
rwkv,128,normal,buck,0.9897940538789484,0.3647778772064854
rwkv,128,normal,catfishingstrangerstofindmyself,0.988372314123872,0.3113848492562327
rwkv,128,normal,cautioneating,0.9902188304864007,0.442615711171047
rwkv,128,normal,christmas1940,0.9892041524341616,0.3422142059789303
rwkv,128,normal,cocoonoflove,0.990768452616603,0.4332115422679708
rwkv,128,normal,comingofageondeathrow,0.9903279847397513,0.3549170954937324
rwkv,128,normal,exorcism,0.9913430277093674,0.4545434755219275
rwkv,128,normal,eyespy,0.991330628927805,0.42935331867182186
rwkv,128,normal,firetestforlove,0.9917166618225003,0.4014377575287629
rwkv,128,normal,food,0.989727532932887,0.42011833841987944
rwkv,128,normal,forgettingfear,0.991113304144011,0.3678083341640747
rwkv,128,normal,fromboyhoodtofatherhood,0.9932144580929123,0.4369694616853472
rwkv,128,normal,gangstersandcookies,0.9906626010086172,0.4209400755787005
rwkv,128,normal,goingthelibertyway,0.9913496898326759,0.3918585537087697
rwkv,128,normal,goldiethegoldfish,0.9897191708940716,0.37903352978710697
rwkv,128,normal,golfclubbing,0.9908583677548559,0.3788931772926109
rwkv,128,normal,gpsformylostidentity,0.9892520057952681,0.35855385474533663
rwkv,128,normal,hangtime,0.9913176015565407,0.42519797206151955
rwkv,128,normal,haveyoumethimyet,0.9909963039536264,0.3798986309429678
rwkv,128,normal,howtodraw,0.9908109664201445,0.39555264200132373
rwkv,128,normal,ifthishaircouldtalk,0.9926135560143049,0.38657172290749126
rwkv,128,normal,inamoment,0.9878117901963366,0.36823221750099133
rwkv,128,normal,itsabox,0.988270176364682,0.3558130385315839
rwkv,128,normal,jugglingandjesus,0.989853130887285,0.3705630172231502
rwkv,128,normal,kiksuya,0.9891888084913301,0.36227767429302205
rwkv,128,normal,leavingbaghdad,0.990568124146692,0.3830967610999642
rwkv,128,normal,legacy,0.9890628759385558,0.362271377991324
rwkv,128,normal,life,0.9898493576096385,0.3729412184021586
rwkv,128,normal,lifeanddeathontheoregontrail,0.9923245228527064,0.4225689818236413
rwkv,128,normal,lifereimagined,0.9905643055443003,0.4285548625087374
rwkv,128,normal,listo,0.9915809461295483,0.4382697996726126
rwkv,128,normal,mayorofthefreaks,0.9916648664712095,0.43717738372371245
rwkv,128,normal,metsmagic,0.9912100940902855,0.39169275555532185
rwkv,128,normal,mybackseatviewofagreatromance,0.9886671459628269,0.2971994568597885
rwkv,128,normal,myfathershands,0.9904664070326632,0.366657646726357
rwkv,128,normal,myfirstdaywiththeyankees,0.9927480253733489,0.4037524214488207
rwkv,128,normal,naked,0.9919470059177184,0.4044295129359554
rwkv,128,normal,notontheusualtour,0.992183518550037,0.43514422917806445
rwkv,128,normal,odetostepfather,0.9920974912434072,0.3947406560118168
rwkv,128,normal,onlyonewaytofindout,0.9894007547083442,0.3542580778500944
rwkv,128,normal,penpal,0.9915617571785166,0.418304975621615
rwkv,128,normal,quietfire,0.9880978227135323,0.4203790120665129
rwkv,128,normal,reachingoutbetweenthebars,0.9883653030070966,0.3396381632568104
rwkv,128,normal,shoppinginchina,0.9902101528227194,0.3651707145721028
rwkv,128,normal,singlewomanseekingmanwich,0.9892589652641401,0.3315939051885261
rwkv,128,normal,sloth,0.9911127474776156,0.4374680722795236
rwkv,128,normal,souls,0.9903426259871556,0.38761844936603546
rwkv,128,normal,stagefright,0.99194432310587,0.40851484465840676
rwkv,128,normal,stumblinginthedark,0.9913505587757317,0.4379440102749621
rwkv,128,normal,superheroesjustforeachother,0.9883462092732958,0.30688532616903114
rwkv,128,normal,sweetaspie,0.9879849418628615,0.356139533177182
rwkv,128,normal,swimmingwithastronauts,0.9912930212504947,0.3979114929344118
rwkv,128,normal,thatthingonmyarm,0.9895492677374768,0.4454173758787441
rwkv,128,normal,theadvancedbeginner,0.98990171467461,0.37982292258521877
rwkv,128,normal,theclosetthatateeverything,0.9912313150379292,0.3681010198969863
rwkv,128,normal,thecurse,0.9896327623124893,0.38052821574260065
rwkv,128,normal,thefreedomridersandme,0.990200579687283,0.4426454861850575
rwkv,128,normal,theinterview,0.9900148041015224,0.38890665187541945
rwkv,128,normal,thepostmanalwayscalls,0.9898387573817657,0.4008045920687843
rwkv,128,normal,theshower,0.9883931410528695,0.35506930087463767
rwkv,128,normal,thetiniestbouquet,0.988529643108394,0.3462959861686916
rwkv,128,normal,thetriangleshirtwaistconnection,0.9919583404154809,0.42397681683259086
rwkv,128,normal,threemonths,0.989569061601036,0.37515160754669735
rwkv,128,normal,thumbsup,0.9932766948342728,0.4394717740431044
rwkv,128,normal,tildeath,0.9921487022700319,0.39733116983912065
rwkv,128,normal,treasureisland,0.989253325218612,0.39756604655538724
rwkv,128,normal,undertheinfluence,0.9903912798200265,0.39707077087323067
rwkv,128,normal,vixenandtheussr,0.9906069944959264,0.41090147058879295
rwkv,128,normal,waitingtogo,0.9891594561063647,0.3639800474968354
rwkv,128,normal,whenmothersbullyback,0.9903844975195425,0.35931696879316993
rwkv,128,normal,wildwomenanddancingqueens,0.9913745995856724,0.39714462237371523
rwkv,128,ctx1,adollshouse,0.997391590435404,0.3801804496070161
rwkv,128,ctx1,adventuresinsayingyes,0.9975958541590206,0.4126783256832152
rwkv,128,ctx1,afatherscover,0.9966717446858455,0.3004242191536049
rwkv,128,ctx1,againstthewind,0.9971422862558038,0.3836721836236929
rwkv,128,ctx1,alternateithicatom,0.9975441481350733,0.4188126430621712
rwkv,128,ctx1,avatar,0.9964898846800581,0.4238025980781492
rwkv,128,ctx1,backsideofthestorm,0.9975338024541558,0.38820748804063415
rwkv,128,ctx1,becomingindian,0.9978807050492773,0.40670139271585387
rwkv,128,ctx1,beneaththemushroomcloud,0.9974205269476604,0.40049774041864333
rwkv,128,ctx1,birthofanation,0.9976624986228675,0.43044588497140657
rwkv,128,ctx1,bluehope,0.9973062932702554,0.445745411645829
rwkv,128,ctx1,breakingupintheageofgoogle,0.9976152476004038,0.44246012701532056
rwkv,128,ctx1,buck,0.9970585313795812,0.3721841094119669
rwkv,128,ctx1,catfishingstrangerstofindmyself,0.9969138824970311,0.31899028235734644
rwkv,128,ctx1,cautioneating,0.9973134209871891,0.4510959833546837
rwkv,128,ctx1,christmas1940,0.996981309883844,0.39538559478657315
rwkv,128,ctx1,cocoonoflove,0.9971648648655965,0.454157393514504
rwkv,128,ctx1,comingofageondeathrow,0.99778683590797,0.36512291792004065
rwkv,128,ctx1,exorcism,0.9978099906555811,0.5073112605906099
rwkv,128,ctx1,eyespy,0.9974740513480552,0.45159938803036964
rwkv,128,ctx1,firetestforlove,0.9978282814552101,0.4319189324352906
rwkv,128,ctx1,food,0.9975288495544224,0.45840856427656673
rwkv,128,ctx1,forgettingfear,0.9974812233428176,0.44697769164589385
rwkv,128,ctx1,fromboyhoodtofatherhood,0.998114318026099,0.4920168567907743
rwkv,128,ctx1,gangstersandcookies,0.9977335828770506,0.48948724078303535
rwkv,128,ctx1,goingthelibertyway,0.9974979417199854,0.4243723003273107
rwkv,128,ctx1,goldiethegoldfish,0.9971376075309891,0.3925583600465714
rwkv,128,ctx1,golfclubbing,0.9973448740528964,0.4595951704764663
rwkv,128,ctx1,gpsformylostidentity,0.9973480866347773,0.39779127681989923
rwkv,128,ctx1,hangtime,0.9972699414551518,0.45071113858669004
rwkv,128,ctx1,haveyoumethimyet,0.9975396075871421,0.42798639139764977
rwkv,128,ctx1,howtodraw,0.9976779286645492,0.46040617668018263
rwkv,128,ctx1,ifthishaircouldtalk,0.9978363543271449,0.440352531043083
rwkv,128,ctx1,inamoment,0.9971821833798907,0.44670302623942737
rwkv,128,ctx1,itsabox,0.9971888437705477,0.3780461185638428
rwkv,128,ctx1,jugglingandjesus,0.9969853710677201,0.418131259565577
rwkv,128,ctx1,kiksuya,0.9972730802980789,0.40427249236237045
rwkv,128,ctx1,leavingbaghdad,0.9975413349297526,0.3633667673950128
rwkv,128,ctx1,legacy,0.9967169139718085,0.37658583017177144
rwkv,128,ctx1,life,0.9970428665189659,0.4006370067147154
rwkv,128,ctx1,lifeanddeathontheoregontrail,0.9976906711153789,0.4725421681954581
rwkv,128,ctx1,lifereimagined,0.997597885161327,0.478114044100779
rwkv,128,ctx1,listo,0.9976543375079826,0.44925430286100765
rwkv,128,ctx1,mayorofthefreaks,0.9979136463063619,0.4688973942005014
rwkv,128,ctx1,metsmagic,0.9977146860307193,0.4566114440955859
rwkv,128,ctx1,mybackseatviewofagreatromance,0.9968938122077222,0.30564282650775554
rwkv,128,ctx1,myfathershands,0.9971157704969742,0.36886968092924194
rwkv,128,ctx1,myfirstdaywiththeyankees,0.9978838480085579,0.422469472355189
rwkv,128,ctx1,naked,0.9978837443900923,0.4376497342766121
rwkv,128,ctx1,notontheusualtour,0.9978068666627573,0.4982835828639646
rwkv,128,ctx1,odetostepfather,0.9973117398181257,0.3914944648391439
rwkv,128,ctx1,onlyonewaytofindout,0.9970625704038338,0.35876955055842186
rwkv,128,ctx1,penpal,0.997585078895894,0.4700766297427476
rwkv,128,ctx1,quietfire,0.9969526738351134,0.516788487840642
rwkv,128,ctx1,reachingoutbetweenthebars,0.997236359704323,0.40804899046277504
rwkv,128,ctx1,shoppinginchina,0.9975009552824533,0.441450412750267
rwkv,128,ctx1,singlewomanseekingmanwich,0.9973925093592714,0.3646040918193962
rwkv,128,ctx1,sloth,0.9973588224345733,0.43866840737911444
rwkv,128,ctx1,souls,0.9973047282789708,0.4470493713412902
rwkv,128,ctx1,stagefright,0.9977222170275106,0.45143974125328706
rwkv,128,ctx1,stumblinginthedark,0.9974350320015581,0.44521466935120985
rwkv,128,ctx1,superheroesjustforeachother,0.996880201012309,0.34160151370769865
rwkv,128,ctx1,sweetaspie,0.996093803685835,0.38890653112177526
rwkv,128,ctx1,swimmingwithastronauts,0.9976084946980466,0.42667968905323583
rwkv,128,ctx1,thatthingonmyarm,0.9970385722724675,0.44378088357437945
rwkv,128,ctx1,theadvancedbeginner,0.9967501042399489,0.41483643815393667
rwkv,128,ctx1,theclosetthatateeverything,0.9976427364030822,0.42405781950617666
rwkv,128,ctx1,thecurse,0.9968878789838687,0.39908930459159153
rwkv,128,ctx1,thefreedomridersandme,0.9971338276821153,0.4874678186904915
rwkv,128,ctx1,theinterview,0.9970534845210923,0.4469392799593202
rwkv,128,ctx1,thepostmanalwayscalls,0.9968405907110924,0.40890580717649555
rwkv,128,ctx1,theshower,0.9962734270636631,0.395190343061891
rwkv,128,ctx1,thetiniestbouquet,0.9968523937917324,0.4007350722509668
rwkv,128,ctx1,thetriangleshirtwaistconnection,0.9976827838950878,0.48584933181350837
rwkv,128,ctx1,threemonths,0.9973427322899948,0.40727743531643607
rwkv,128,ctx1,thumbsup,0.9980217023763895,0.4701421291889282
rwkv,128,ctx1,tildeath,0.9979783454812374,0.470529196093103
rwkv,128,ctx1,treasureisland,0.9968729676200692,0.3829917561192809
rwkv,128,ctx1,undertheinfluence,0.997500374644525,0.4008218421918765
rwkv,128,ctx1,vixenandtheussr,0.9973095606265242,0.4185826374964856
rwkv,128,ctx1,waitingtogo,0.9970808984386473,0.41587802301367605
rwkv,128,ctx1,whenmothersbullyback,0.9972129632020281,0.40419159276814626
rwkv,128,ctx1,wildwomenanddancingqueens,0.9971608944152969,0.43879413447896143
mamba,8,normal,adollshouse,0.9131614549051423,0.23049038281916268
mamba,8,normal,adventuresinsayingyes,0.9007411081733725,0.2307224009686053
mamba,8,normal,afatherscover,0.8668432700242341,0.24027849904812945
mamba,8,normal,againstthewind,0.8819960351134748,0.22838257222875533
mamba,8,normal,alternateithicatom,0.908899065227966,0.25659581115081587
mamba,8,normal,avatar,0.8821905140294037,0.24963667849033844
mamba,8,normal,backsideofthestorm,0.894883494352533,0.2458535336007636
mamba,8,normal,becomingindian,0.9086632259489447,0.2620346271957111
mamba,8,normal,beneaththemushroomcloud,0.8907880253390651,0.271689534051541
mamba,8,normal,birthofanation,0.901941093230941,0.24762388000166044
mamba,8,normal,bluehope,0.890024312232239,0.2572711851412857
mamba,8,normal,breakingupintheageofgoogle,0.9077155491370943,0.24406061845904592
mamba,8,normal,buck,0.8904202081505099,0.23391793223993748
mamba,8,normal,catfishingstrangerstofindmyself,0.8779048275158353,0.2067100292076217
mamba,8,normal,cautioneating,0.8971664103073685,0.2709500202221599
mamba,8,normal,christmas1940,0.8807414221477767,0.22985248944078843
mamba,8,normal,cocoonoflove,0.8969796659784445,0.25960717790712273
mamba,8,normal,comingofageondeathrow,0.9031114343376904,0.230679021309973
mamba,8,normal,exorcism,0.9078574892235266,0.27661672709309704
mamba,8,normal,eyespy,0.9041247422477667,0.27412918001020176
mamba,8,normal,firetestforlove,0.91069935878922,0.24318929359805183
mamba,8,normal,food,0.8984906213171473,0.25557313953464417
mamba,8,normal,forgettingfear,0.8988885750019626,0.2226595438993548
mamba,8,normal,fromboyhoodtofatherhood,0.9202026254773148,0.2334491146557782
mamba,8,normal,gangstersandcookies,0.9015049176191678,0.260819164464221
mamba,8,normal,goingthelibertyway,0.9064537179649859,0.2307156727962197
mamba,8,normal,goldiethegoldfish,0.8900190380067777,0.24375957750623264
mamba,8,normal,golfclubbing,0.9058541417760283,0.2517182665013706
mamba,8,normal,gpsformylostidentity,0.8861245666062199,0.2252916153071236
mamba,8,normal,hangtime,0.9107688393182625,0.26963162010865327
mamba,8,normal,haveyoumethimyet,0.901707151309171,0.24011214709132064
mamba,8,normal,howtodraw,0.9037542396969099,0.2481608875226734
mamba,8,normal,ifthishaircouldtalk,0.9165641974748192,0.23504237335030864
mamba,8,normal,inamoment,0.8821722217753658,0.24111067365955882
mamba,8,normal,itsabox,0.8862086913756066,0.24450229156762893
mamba,8,normal,jugglingandjesus,0.8768645911442001,0.24558092315945498
mamba,8,normal,kiksuya,0.8866432841767089,0.2328160236116862
mamba,8,normal,leavingbaghdad,0.9021758616520351,0.2391693952613294
mamba,8,normal,legacy,0.8850324748149928,0.2519799568063604
mamba,8,normal,life,0.8920162134639524,0.243637207326719
mamba,8,normal,lifeanddeathontheoregontrail,0.9157605526571726,0.26187943387098317
mamba,8,normal,lifereimagined,0.9007985623186219,0.27138158964400677
mamba,8,normal,listo,0.9131771432449505,0.2722466616933234
mamba,8,normal,mayorofthefreaks,0.9157755320039611,0.2735485250724832
mamba,8,normal,metsmagic,0.9047330248328426,0.25636501512871734
mamba,8,normal,mybackseatviewofagreatromance,0.8760508246109937,0.20957603581712927
mamba,8,normal,myfathershands,0.8933280565759392,0.230434220203502
mamba,8,normal,myfirstdaywiththeyankees,0.9216486477776642,0.2358089399628817
mamba,8,normal,naked,0.9169942872431489,0.2449307973059409
mamba,8,normal,notontheusualtour,0.9061005434388759,0.27836649741014957
mamba,8,normal,odetostepfather,0.9179730753680901,0.24576396915351495
mamba,8,normal,onlyonewaytofindout,0.8909631370067375,0.23079705130679873
mamba,8,normal,penpal,0.9073285884892249,0.25379339425932534
mamba,8,normal,quietfire,0.8826019751189675,0.2934215070119754
mamba,8,normal,reachingoutbetweenthebars,0.8843524808489654,0.21885586713763625
mamba,8,normal,shoppinginchina,0.8910412545302188,0.22869115996113312
mamba,8,normal,singlewomanseekingmanwich,0.880547342208768,0.22477298836416235
mamba,8,normal,sloth,0.8985343535388,0.2678912965376816
mamba,8,normal,souls,0.893333445569612,0.2527851286535027
mamba,8,normal,stagefright,0.913251152084848,0.25572879907101526
mamba,8,normal,stumblinginthedark,0.9063865621060287,0.27445771331972507
mamba,8,normal,superheroesjustforeachother,0.8704389590640411,0.21002956790263658
mamba,8,normal,sweetaspie,0.8685688838818839,0.24163948333013394
mamba,8,normal,swimmingwithastronauts,0.9064870897306511,0.2523403195719243
mamba,8,normal,thatthingonmyarm,0.8901480396136745,0.2923488639203216
mamba,8,normal,theadvancedbeginner,0.8928995217081089,0.2396757790523659
mamba,8,normal,theclosetthatateeverything,0.9024958681539325,0.22680209543007188
mamba,8,normal,thecurse,0.8860362408307768,0.2541632047664112
mamba,8,normal,thefreedomridersandme,0.8960116153090395,0.2730008963920178
mamba,8,normal,theinterview,0.9000593227176098,0.24596060478680012
mamba,8,normal,thepostmanalwayscalls,0.8920902301365858,0.2584125754644944
mamba,8,normal,theshower,0.8758452891785811,0.25483648797759223
mamba,8,normal,thetiniestbouquet,0.8831757871421339,0.2290745451260839
mamba,8,normal,thetriangleshirtwaistconnection,0.9099509626838651,0.2536223043819678
mamba,8,normal,threemonths,0.8970618646484076,0.24974279846456823
mamba,8,normal,thumbsup,0.9222737243831718,0.26784506276902986
mamba,8,normal,tildeath,0.9133652422758568,0.23433517621100877
mamba,8,normal,treasureisland,0.883288155144917,0.257115144834122
mamba,8,normal,undertheinfluence,0.8910330624011449,0.27496332045108945
mamba,8,normal,vixenandtheussr,0.8982236868068678,0.26204366958797726
mamba,8,normal,waitingtogo,0.8863589438117303,0.2478057797929858
mamba,8,normal,whenmothersbullyback,0.8865443459880347,0.24176358119876507
mamba,8,normal,wildwomenanddancingqueens,0.9104543691620931,0.2499278036527138
mamba,8,ctx1,adollshouse,0.9489389454557846,0.2059280103705532
mamba,8,ctx1,adventuresinsayingyes,0.9418902395988935,0.18180186653119948
mamba,8,ctx1,afatherscover,0.9188493969247793,0.20074740204622962
mamba,8,ctx1,againstthewind,0.934160537848795,0.20914829812484903
mamba,8,ctx1,alternateithicatom,0.9436091286603536,0.19478432625795863
mamba,8,ctx1,avatar,0.9266895480947588,0.24068004987780287
mamba,8,ctx1,backsideofthestorm,0.9450201929048827,0.19421961837993126
mamba,8,ctx1,becomingindian,0.9484440941098105,0.1878209213246618
mamba,8,ctx1,beneaththemushroomcloud,0.9385619217903234,0.21706818845099696
mamba,8,ctx1,birthofanation,0.9430780120361042,0.21393770975310292
mamba,8,ctx1,bluehope,0.9312175470463935,0.22356292615023712
mamba,8,ctx1,breakingupintheageofgoogle,0.9476711643374656,0.20453471926059938
mamba,8,ctx1,buck,0.9383737779619263,0.20426253438040343
mamba,8,ctx1,catfishingstrangerstofindmyself,0.9177690503340789,0.18828005344717255
mamba,8,ctx1,cautioneating,0.9398205330725022,0.23858975742848257
mamba,8,ctx1,christmas1940,0.9329529119493531,0.20207723669082137
mamba,8,ctx1,cocoonoflove,0.9316962823397001,0.22947902770849601
mamba,8,ctx1,comingofageondeathrow,0.9429041004686514,0.17388869855329658
mamba,8,ctx1,exorcism,0.9470799827698743,0.23993585956971075
mamba,8,ctx1,eyespy,0.9449002941578512,0.23438733985001206
mamba,8,ctx1,firetestforlove,0.9464321353377135,0.20396340566286153
mamba,8,ctx1,food,0.9404306754618221,0.22308224962220705
mamba,8,ctx1,forgettingfear,0.9399198480034243,0.20339288094444394
mamba,8,ctx1,fromboyhoodtofatherhood,0.9572706397211083,0.19774327865884866
mamba,8,ctx1,gangstersandcookies,0.9449969659290225,0.21724116959513304
mamba,8,ctx1,goingthelibertyway,0.9439582723613016,0.18353933192713304
mamba,8,ctx1,goldiethegoldfish,0.9349471415688374,0.19017884467644652
mamba,8,ctx1,golfclubbing,0.9464651156582007,0.22980841840252986
mamba,8,ctx1,gpsformylostidentity,0.9334068544127129,0.18802267145522103
mamba,8,ctx1,hangtime,0.9460164943545393,0.23849447211828012
mamba,8,ctx1,haveyoumethimyet,0.9462201056155001,0.21082829200810393
mamba,8,ctx1,howtodraw,0.9430495588988975,0.22113192939183582
mamba,8,ctx1,ifthishaircouldtalk,0.9525181875006707,0.20432703937323693
mamba,8,ctx1,inamoment,0.9242977609057287,0.21978359151553092
mamba,8,ctx1,itsabox,0.9358400516758278,0.18847207520293782
mamba,8,ctx1,jugglingandjesus,0.930176067917784,0.22114050396205479
mamba,8,ctx1,kiksuya,0.9331485968771108,0.18411051316086957
mamba,8,ctx1,leavingbaghdad,0.9445032574159252,0.1722526988974508
mamba,8,ctx1,legacy,0.9241485530343407,0.20345503828913555
mamba,8,ctx1,life,0.9356297740520196,0.20846907873878182
mamba,8,ctx1,lifeanddeathontheoregontrail,0.9518309324898953,0.22081068825778485
mamba,8,ctx1,lifereimagined,0.9422049256216358,0.23375271231468012
mamba,8,ctx1,listo,0.9489209139896693,0.21743872485800794
mamba,8,ctx1,mayorofthefreaks,0.9520977559129206,0.20714814227018
mamba,8,ctx1,metsmagic,0.9482010456211902,0.20834949559878044
mamba,8,ctx1,mybackseatviewofagreatromance,0.9257544417368646,0.15933746213024202
mamba,8,ctx1,myfathershands,0.9376789262695664,0.20570872696314715
mamba,8,ctx1,myfirstdaywiththeyankees,0.9556659400595269,0.18939371150594467
mamba,8,ctx1,naked,0.9549170048219633,0.21233120290429194
mamba,8,ctx1,notontheusualtour,0.9439228851452743,0.2392069147330249
mamba,8,ctx1,odetostepfather,0.9473123395429777,0.19936220540335128
mamba,8,ctx1,onlyonewaytofindout,0.9291369858837557,0.21458804215597438
mamba,8,ctx1,penpal,0.9441252371836586,0.20548762313567448
mamba,8,ctx1,quietfire,0.9297305182893492,0.25168840727467223
mamba,8,ctx1,reachingoutbetweenthebars,0.9325648734838603,0.1890002676848427
mamba,8,ctx1,shoppinginchina,0.9380537006806843,0.221485681533417
mamba,8,ctx1,singlewomanseekingmanwich,0.9364956788103235,0.18338747639146902
mamba,8,ctx1,sloth,0.9377645524246483,0.22053353762464675
mamba,8,ctx1,souls,0.9371439216518216,0.22417907247338764
mamba,8,ctx1,stagefright,0.9518424996947511,0.20978224100071133
mamba,8,ctx1,stumblinginthedark,0.9420419191829543,0.22464903636087863
mamba,8,ctx1,superheroesjustforeachother,0.9271616007399467,0.19805921468742974
mamba,8,ctx1,sweetaspie,0.9150253530421643,0.23278191807642723
mamba,8,ctx1,swimmingwithastronauts,0.9435287152324411,0.21526462002019534
mamba,8,ctx1,thatthingonmyarm,0.9330481887828174,0.22720586305037796
mamba,8,ctx1,theadvancedbeginner,0.9355612606569679,0.21313168628681164
mamba,8,ctx1,theclosetthatateeverything,0.9468501268662599,0.19172474450845658
mamba,8,ctx1,thecurse,0.9344192813775951,0.22164214727346576
mamba,8,ctx1,thefreedomridersandme,0.9373954537360809,0.23817322627909854
mamba,8,ctx1,theinterview,0.9400015156905774,0.23590467936535098
mamba,8,ctx1,thepostmanalwayscalls,0.9329170188568349,0.2238084968821816
mamba,8,ctx1,theshower,0.9229581182475954,0.21270283904397505
mamba,8,ctx1,thetiniestbouquet,0.9320684626127471,0.21842360694133564
mamba,8,ctx1,thetriangleshirtwaistconnection,0.9502420592321397,0.22652621235207868
mamba,8,ctx1,threemonths,0.9405208503731716,0.2026193089624654
mamba,8,ctx1,thumbsup,0.9525130060870014,0.20961724497364254
mamba,8,ctx1,tildeath,0.9537791725083279,0.20409248139431355
mamba,8,ctx1,treasureisland,0.9266239758562482,0.20449087926999956
mamba,8,ctx1,undertheinfluence,0.9345691501372525,0.21265582340547595
mamba,8,ctx1,vixenandtheussr,0.9414662354363714,0.21316658114417275
mamba,8,ctx1,waitingtogo,0.9322054529485304,0.20170085677753305
mamba,8,ctx1,whenmothersbullyback,0.9309572769951577,0.20043811721279767
mamba,8,ctx1,wildwomenanddancingqueens,0.9426866512372292,0.22394006777743158
mamba,128,normal,adollshouse,0.9092743551438734,0.29007893653587974
mamba,128,normal,adventuresinsayingyes,0.8880352612075456,0.2940865608939057
mamba,128,normal,afatherscover,0.8541967156860044,0.2796470889305171
mamba,128,normal,againstthewind,0.8777390964622466,0.2891230200176323
mamba,128,normal,alternateithicatom,0.9040095713612486,0.3266812728856397
mamba,128,normal,avatar,0.8808027711093743,0.29772776453231753
mamba,128,normal,backsideofthestorm,0.8852553002071457,0.3092700426542509
mamba,128,normal,becomingindian,0.9017184618578435,0.3492210197771343
mamba,128,normal,beneaththemushroomcloud,0.8795603298458796,0.33009410924568866
mamba,128,normal,birthofanation,0.8930516779109505,0.30615053921835383
mamba,128,normal,bluehope,0.8860856850975607,0.31807545610680826
mamba,128,normal,breakingupintheageofgoogle,0.898924273624292,0.3192741550035828
mamba,128,normal,buck,0.8834773555881373,0.286951962305428
mamba,128,normal,catfishingstrangerstofindmyself,0.8638857543490311,0.2511231502385442
mamba,128,normal,cautioneating,0.8893020255257843,0.340237208679921
mamba,128,normal,christmas1940,0.8685070044832406,0.26600508899711756
mamba,128,normal,cocoonoflove,0.8928362705126316,0.32334460415147304
mamba,128,normal,comingofageondeathrow,0.8892591838519857,0.2915069867152095
mamba,128,normal,exorcism,0.8993998980976775,0.3607994732708626
mamba,128,normal,eyespy,0.8979412353203238,0.34761583090801573
mamba,128,normal,firetestforlove,0.9031801248262554,0.32855764648907554
mamba,128,normal,food,0.8918626866271369,0.32382116753260515
mamba,128,normal,forgettingfear,0.8918788289246765,0.2699888018048184
mamba,128,normal,fromboyhoodtofatherhood,0.9179535995089481,0.33197853105435665
mamba,128,normal,gangstersandcookies,0.8924937771159303,0.3306076995962935
mamba,128,normal,goingthelibertyway,0.8968874364388006,0.3111663541202952
mamba,128,normal,goldiethegoldfish,0.8864035052380896,0.30852395923286785
mamba,128,normal,golfclubbing,0.8958982483245138,0.3002497693902039
mamba,128,normal,gpsformylostidentity,0.8758412781181477,0.28357487626807426
mamba,128,normal,hangtime,0.9082898993575428,0.34758818867099944
mamba,128,normal,haveyoumethimyet,0.8884677409392029,0.30208994159354025
mamba,128,normal,howtodraw,0.8934709776625582,0.3051298693492284
mamba,128,normal,ifthishaircouldtalk,0.9135762033882019,0.31852740229631477
mamba,128,normal,inamoment,0.8628521791800553,0.2930100110278211
mamba,128,normal,itsabox,0.8690687042340421,0.2940006340342828
mamba,128,normal,jugglingandjesus,0.8659380828333146,0.28093068898135737
mamba,128,normal,kiksuya,0.8741942738556487,0.289355779709165
mamba,128,normal,leavingbaghdad,0.8961034729057044,0.31192136356565164
mamba,128,normal,legacy,0.880077582555451,0.3087326592253465
mamba,128,normal,life,0.8868747426591583,0.3056271135689029
mamba,128,normal,lifeanddeathontheoregontrail,0.9078193488728085,0.33327723078105054
mamba,128,normal,lifereimagined,0.8900452975526504,0.3375748602731727
mamba,128,normal,listo,0.9089039874795836,0.3524432421743618
mamba,128,normal,mayorofthefreaks,0.9064215955050047,0.3552740609465725
mamba,128,normal,metsmagic,0.8934231483161954,0.32326300383940515
mamba,128,normal,mybackseatviewofagreatromance,0.866867320417049,0.24215233858045537
mamba,128,normal,myfathershands,0.8855546559485741,0.2922303874713415
mamba,128,normal,myfirstdaywiththeyankees,0.913674153931038,0.3233535310472793
mamba,128,normal,naked,0.910317245916255,0.3284467231032455
mamba,128,normal,notontheusualtour,0.9012606342307179,0.3371395101058418
mamba,128,normal,odetostepfather,0.9140548981148193,0.3199285302280564
mamba,128,normal,onlyonewaytofindout,0.8772285330276909,0.2849877319080188
mamba,128,normal,penpal,0.8968738763192194,0.3130090477852452
mamba,128,normal,quietfire,0.8661449451988262,0.33594015873248734
mamba,128,normal,reachingoutbetweenthebars,0.8722914096522366,0.2608482900605639
mamba,128,normal,shoppinginchina,0.8814589354133655,0.2837356513074694
mamba,128,normal,singlewomanseekingmanwich,0.8710406495002351,0.2643254691266621
mamba,128,normal,sloth,0.8878814150585534,0.34083438489158285
mamba,128,normal,souls,0.8865450595824943,0.31733819926280193
mamba,128,normal,stagefright,0.9078153137676767,0.33815565462361247
mamba,128,normal,stumblinginthedark,0.9000111445699335,0.35293262727120434
mamba,128,normal,superheroesjustforeachother,0.854827029999943,0.2546653511256502
mamba,128,normal,sweetaspie,0.8497439305667027,0.2694833568775752
mamba,128,normal,swimmingwithastronauts,0.8971449312725387,0.3236869731037546
mamba,128,normal,thatthingonmyarm,0.8831066952683788,0.35676529462385886
mamba,128,normal,theadvancedbeginner,0.887174063577299,0.30337107711764477
mamba,128,normal,theclosetthatateeverything,0.8948174718170089,0.2986085779502841
mamba,128,normal,thecurse,0.8776776804355396,0.31257274513842837
mamba,128,normal,thefreedomridersandme,0.8899352723070575,0.3400408608491124
mamba,128,normal,theinterview,0.8927444296947048,0.3026243196309912
mamba,128,normal,thepostmanalwayscalls,0.8845272969268,0.32488109170317947
mamba,128,normal,theshower,0.8690195379752733,0.28349557564763217
mamba,128,normal,thetiniestbouquet,0.8764397446484238,0.2748045292256182
mamba,128,normal,thetriangleshirtwaistconnection,0.9055623121001266,0.3350527257909485
mamba,128,normal,threemonths,0.8859384229477656,0.3142942820438999
mamba,128,normal,thumbsup,0.9214894358125828,0.35441245795964865
mamba,128,normal,tildeath,0.9108519729005456,0.3151824546420599
mamba,128,normal,treasureisland,0.8698989231956252,0.31176420337428773
mamba,128,normal,undertheinfluence,0.8840461507054566,0.3357564877769281
mamba,128,normal,vixenandtheussr,0.8863573534778362,0.3269064139108176
mamba,128,normal,waitingtogo,0.8791193801964924,0.30261032557061684
mamba,128,normal,whenmothersbullyback,0.8813546187006462,0.2844215328315928
mamba,128,normal,wildwomenanddancingqueens,0.9013133056888241,0.3199884596767522
mamba,128,ctx1,adollshouse,0.9644197417724402,0.30289418581734656
mamba,128,ctx1,adventuresinsayingyes,0.9622131287533373,0.3129488269722354
mamba,128,ctx1,afatherscover,0.9440172678412728,0.24159354326105878
mamba,128,ctx1,againstthewind,0.9538532191566439,0.31606351707063446
mamba,128,ctx1,alternateithicatom,0.9638642812440505,0.3309789633543431
mamba,128,ctx1,avatar,0.9466198975404381,0.3347528625625616
mamba,128,ctx1,backsideofthestorm,0.9616454105055008,0.30967590921666355
mamba,128,ctx1,becomingindian,0.9659060402986241,0.31921343228969157
mamba,128,ctx1,beneaththemushroomcloud,0.9580429337283494,0.3193527988561437
mamba,128,ctx1,birthofanation,0.9621937630635664,0.33763901818071157
mamba,128,ctx1,bluehope,0.9530654769420862,0.34122795077125495
mamba,128,ctx1,breakingupintheageofgoogle,0.9656898373036629,0.3401367734460048
mamba,128,ctx1,buck,0.9545815768027694,0.290956630166817
mamba,128,ctx1,catfishingstrangerstofindmyself,0.9489829700453549,0.24765797070452011
mamba,128,ctx1,cautioneating,0.9579490661999198,0.3592685638970958
mamba,128,ctx1,christmas1940,0.9515978075697562,0.29348589473797854
mamba,128,ctx1,cocoonoflove,0.9541099010450722,0.3445660265235877
mamba,128,ctx1,comingofageondeathrow,0.9640344742974657,0.3003677042274951
mamba,128,ctx1,exorcism,0.965733831579323,0.3838601169292731
mamba,128,ctx1,eyespy,0.962504228659803,0.35390306078338013
mamba,128,ctx1,firetestforlove,0.9672733069649817,0.34934382474079556
mamba,128,ctx1,food,0.959580367864665,0.35882029846621966
mamba,128,ctx1,forgettingfear,0.9595889341573072,0.32352195075301365
mamba,128,ctx1,fromboyhoodtofatherhood,0.9719504471872185,0.3690460938963345
mamba,128,ctx1,gangstersandcookies,0.9654559236317551,0.36564202489002073
mamba,128,ctx1,goingthelibertyway,0.9625626179765314,0.3169815120965647
mamba,128,ctx1,goldiethegoldfish,0.9572919236033662,0.3041976180079506
mamba,128,ctx1,golfclubbing,0.9614990493071395,0.3431335720768889
mamba,128,ctx1,gpsformylostidentity,0.9551001903961062,0.30058714144098686
mamba,128,ctx1,hangtime,0.9625967436613971,0.353347874578085
mamba,128,ctx1,haveyoumethimyet,0.9633339019239734,0.3328488931845108
mamba,128,ctx1,howtodraw,0.9619775502668861,0.3429989391751756
mamba,128,ctx1,ifthishaircouldtalk,0.968010611290555,0.3387542402345723
mamba,128,ctx1,inamoment,0.9507544031138313,0.33907126936665516
mamba,128,ctx1,itsabox,0.956001603730174,0.2876385168844781
mamba,128,ctx1,jugglingandjesus,0.9487888697035601,0.31850157535522516
mamba,128,ctx1,kiksuya,0.9559979558241485,0.2936622412246575
mamba,128,ctx1,leavingbaghdad,0.9635323748726335,0.28215062545318
mamba,128,ctx1,legacy,0.9483000280074787,0.2997548898413645
mamba,128,ctx1,life,0.9552669094465863,0.30316875561118656
mamba,128,ctx1,lifeanddeathontheoregontrail,0.9668719886794676,0.355250851883522
mamba,128,ctx1,lifereimagined,0.9610068684953077,0.3637744782989067
mamba,128,ctx1,listo,0.964421009470096,0.352431869401228
mamba,128,ctx1,mayorofthefreaks,0.9698020537149913,0.3630941300373247
mamba,128,ctx1,metsmagic,0.9645895607997217,0.35000525744970296
mamba,128,ctx1,mybackseatviewofagreatromance,0.945167627319475,0.24957307688363192
mamba,128,ctx1,myfathershands,0.9575190370930643,0.29859394668678546
mamba,128,ctx1,myfirstdaywiththeyankees,0.9695151316046088,0.3214714221317225
mamba,128,ctx1,naked,0.9697230626771531,0.3558310090148325
mamba,128,ctx1,notontheusualtour,0.9625863738917053,0.3706289658317788
mamba,128,ctx1,odetostepfather,0.9633871478715849,0.30648425384365163
mamba,128,ctx1,onlyonewaytofindout,0.9543645440775119,0.29998098525850087
mamba,128,ctx1,penpal,0.9632710498485878,0.362068559625002
mamba,128,ctx1,quietfire,0.9484772754880276,0.38355586937829816
mamba,128,ctx1,reachingoutbetweenthebars,0.9548319778057225,0.32119661271761174
mamba,128,ctx1,shoppinginchina,0.9577599169468004,0.3436570673527946
mamba,128,ctx1,singlewomanseekingmanwich,0.9576490348218952,0.2710340154751772
mamba,128,ctx1,sloth,0.9591130490062737,0.33209214122911307
mamba,128,ctx1,souls,0.9597468925762127,0.34968460365233306
mamba,128,ctx1,stagefright,0.9675476944139649,0.3470857623561671
mamba,128,ctx1,stumblinginthedark,0.9614300868367922,0.33656481204542504
mamba,128,ctx1,superheroesjustforeachother,0.9477982814500427,0.27629454186801944
mamba,128,ctx1,sweetaspie,0.9322239754566743,0.296770129601852
mamba,128,ctx1,swimmingwithastronauts,0.9615295853750893,0.33446820805713456
mamba,128,ctx1,thatthingonmyarm,0.9536291764691107,0.3387071505793573
mamba,128,ctx1,theadvancedbeginner,0.9525044989007077,0.31581114732211996
mamba,128,ctx1,theclosetthatateeverything,0.9642206016428749,0.34381915877530317
mamba,128,ctx1,thecurse,0.9528654478562745,0.3091496155380788
mamba,128,ctx1,thefreedomridersandme,0.9561531776380978,0.35695044419205296
mamba,128,ctx1,theinterview,0.9586527179951053,0.3409075763649034
mamba,128,ctx1,thepostmanalwayscalls,0.9540238360401384,0.3146353997659737
mamba,128,ctx1,theshower,0.941899680832947,0.28847411613504775
mamba,128,ctx1,thetiniestbouquet,0.9522439081022214,0.31991311444014603
mamba,128,ctx1,thetriangleshirtwaistconnection,0.9647946320869323,0.3641632892015518
mamba,128,ctx1,threemonths,0.9621882513688294,0.31928731952266753
mamba,128,ctx1,thumbsup,0.9699505243503852,0.3573658512051883
mamba,128,ctx1,tildeath,0.9697878436045968,0.3635242185892958
mamba,128,ctx1,treasureisland,0.9480029048160729,0.2947724985681247
mamba,128,ctx1,undertheinfluence,0.9567471343789468,0.32895910369092585
mamba,128,ctx1,vixenandtheussr,0.9558548047848827,0.3116876548884478
mamba,128,ctx1,waitingtogo,0.9520656986205497,0.32234984301910535
mamba,128,ctx1,whenmothersbullyback,0.9510909787097331,0.305413714560697
mamba,128,ctx1,wildwomenanddancingqueens,0.9620597883811773,0.3288725297218333
