model,H,condition,story,l2_norm_median,participation_ratio,evr_at_100
pythia,8,normal,adollshouse,23.60450995940051,2.4788694707627927,0.9761293999724368
pythia,8,normal,adventuresinsayingyes,24.09062081900557,4.123771103995263,0.9309364280445078
pythia,8,normal,afatherscover,23.967482524511343,3.2198188939365293,0.9571919956416735
pythia,8,normal,againstthewind,24.043360644845073,2.541692967700545,0.9922675808002273
pythia,8,normal,alternateithicatom,24.044980802482396,3.7105049998761848,0.9457277836213113
pythia,8,normal,avatar,24.01876427863072,2.651207023892919,0.9587524883473578
pythia,8,normal,backsideofthestorm,23.700208562485106,4.178851377434017,0.9426252292476622
pythia,8,normal,becomingindian,24.073403727545273,4.744898812261048,0.9335096513840538
pythia,8,normal,beneaththemushroomcloud,23.87027972336439,4.511293686117177,0.9370743387710043
pythia,8,normal,birthofanation,24.111319262176146,3.9397279978250754,0.9535400073365312
pythia,8,normal,bluehope,24.019308097151644,3.7271723165752713,0.933295122435954
pythia,8,normal,breakingupintheageofgoogle,23.813070533605284,3.5390862549557536,0.9296781930067968
pythia,8,normal,buck,23.875983850534865,2.933006354324621,0.9573753599607286
pythia,8,normal,catfishingstrangerstofindmyself,23.95504549849349,2.860225677023682,0.9556925490746587
pythia,8,normal,cautioneating,23.947403078215686,3.1952217056526893,0.9610392657226969
pythia,8,normal,christmas1940,23.78157749177027,3.079369276848305,0.9699528683900321
pythia,8,normal,cocoonoflove,24.012555445402782,3.5188545954026758,0.9360383454470531
pythia,8,normal,comingofageondeathrow,23.870343765166815,3.801135347277472,0.9396831512178783
pythia,8,normal,exorcism,23.98758386940486,4.6892351337420335,0.9256958506384934
pythia,8,normal,eyespy,23.891160601186087,3.766023626108983,0.9401265186131186
pythia,8,normal,firetestforlove,23.95977438052394,4.009269648099339,0.9482160804276287
pythia,8,normal,food,24.037798650821223,3.668644035737008,0.9411954111217921
pythia,8,normal,forgettingfear,24.119254021032262,3.3544611882527517,0.9621165601361066
pythia,8,normal,fromboyhoodtofatherhood,23.816359406672586,5.553806149874954,0.9269045335815495
pythia,8,normal,gangstersandcookies,23.912084447983432,4.561567146052416,0.9503057993608329
pythia,8,normal,goingthelibertyway,24.140485755498904,4.660050725571004,0.9288311918972182
pythia,8,normal,goldiethegoldfish,23.95786808729009,3.404122828871603,0.9501173679520772
pythia,8,normal,golfclubbing,23.594597983821565,3.884195894603449,0.9730610816342171
pythia,8,normal,gpsformylostidentity,23.837351199431566,3.930301449012142,0.9399411474992373
pythia,8,normal,hangtime,23.69681069007464,4.848081856378261,0.9420706757885093
pythia,8,normal,haveyoumethimyet,23.986068092112525,2.905076495969623,0.9435570324856762
pythia,8,normal,howtodraw,24.13171580029428,3.9065401072306267,0.9391094781935944
pythia,8,normal,ifthishaircouldtalk,23.85996328682019,3.925030976257265,0.9592620026273344
pythia,8,normal,inamoment,24.20731052150235,2.891739937907516,0.9821952674158225
pythia,8,normal,itsabox,23.901967128444518,3.084575700424741,0.953458028927582
pythia,8,normal,jugglingandjesus,24.018114914472985,2.299548941542362,0.9890177637955958
pythia,8,normal,kiksuya,23.961465431515617,4.0648566371031345,0.940492503306403
pythia,8,normal,leavingbaghdad,24.139528348215126,4.034282926113994,0.9439113856585409
pythia,8,normal,legacy,24.06733170545028,2.6218067350591405,0.9564573125673493
pythia,8,normal,life,23.80539110261108,3.055108114336063,0.943695306708656
pythia,8,normal,lifeanddeathontheoregontrail,24.23831519852034,3.56725665032923,0.9441798884435821
pythia,8,normal,lifereimagined,24.123388217716375,3.29599499672181,0.9525172926444715
pythia,8,normal,listo,24.019914071467145,4.831538991705517,0.9397881539340899
pythia,8,normal,mayorofthefreaks,23.835052243919918,3.326569668965373,0.9365478479743863
pythia,8,normal,metsmagic,23.803930713664403,4.218415475698403,0.961971720610379
pythia,8,normal,mybackseatviewofagreatromance,23.78927282519121,4.062505355384659,0.9307808241152714
pythia,8,normal,myfathershands,23.886379326281386,3.079660849653814,0.9865211027877888
pythia,8,normal,myfirstdaywiththeyankees,23.695929752725604,4.689722374220147,0.9346015341105468
pythia,8,normal,naked,23.72340950711085,3.795720594471427,0.9383726692377943
pythia,8,normal,notontheusualtour,24.04080590821315,3.2584562815045666,0.9692036263784247
pythia,8,normal,odetostepfather,23.924963487185806,3.427068722185319,0.9445194441145005
pythia,8,normal,onlyonewaytofindout,24.16049509261094,2.8826512417914962,0.9512268667018476
pythia,8,normal,penpal,24.238612149978415,4.4061389414734355,0.9526303051063805
pythia,8,normal,quietfire,23.689404533601476,5.2175809201490635,0.9198094977444239
pythia,8,normal,reachingoutbetweenthebars,23.871451846010245,2.731718881972604,0.9614567294926841
pythia,8,normal,shoppinginchina,24.118416587568547,3.3129378166045504,0.9467754963988643
pythia,8,normal,singlewomanseekingmanwich,23.802075338026093,3.3490400706422165,0.9528563822477613
pythia,8,normal,sloth,24.064709622455172,3.0367160578912524,0.9409724497073387
pythia,8,normal,souls,24.203861249513622,3.3642281550737265,0.9463078059743664
pythia,8,normal,stagefright,23.907129504347207,4.059993776375978,0.9519242268256735
pythia,8,normal,stumblinginthedark,23.97586730597543,3.9215378368146876,0.9255901622460678
pythia,8,normal,superheroesjustforeachother,23.939059518236952,2.978519664396524,0.9552642298727746
pythia,8,normal,sweetaspie,23.931153463606385,2.233995915581965,0.997403712914078
pythia,8,normal,swimmingwithastronauts,24.023933661338162,3.282842119449906,0.9450573557202396
pythia,8,normal,thatthingonmyarm,24.02691381941756,3.965928333655417,0.9349264551435972
pythia,8,normal,theadvancedbeginner,23.997421537754626,2.715419757500909,0.9615539061421208
pythia,8,normal,theclosetthatateeverything,24.0395782121771,3.568942247836058,0.9503491211198463
pythia,8,normal,thecurse,23.78603489777077,2.762597136079584,0.9516699650918724
pythia,8,normal,thefreedomridersandme,23.949713696724576,4.070837778021676,0.9487468638524329
pythia,8,normal,theinterview,23.952438324157903,2.6362125440347786,0.9812392414259775
pythia,8,normal,thepostmanalwayscalls,24.16678985546386,3.3207517578079004,0.9444734439923846
pythia,8,normal,theshower,24.021447011457084,3.8631230276833004,0.9393263112645166
pythia,8,normal,thetiniestbouquet,23.785484633638657,2.4122117043805127,0.9893527976788211
pythia,8,normal,thetriangleshirtwaistconnection,23.893404405456586,3.7080734852379487,0.9728068110838446
pythia,8,normal,threemonths,23.92705655185297,3.055400342522814,0.9562383420398631
pythia,8,normal,thumbsup,23.98939118326426,6.239028684393045,0.9152578085843168
pythia,8,normal,tildeath,24.034685367877312,3.3506522978633626,0.9518868508181122
pythia,8,normal,treasureisland,23.998922703095737,3.1010952341568214,0.9496177613634557
pythia,8,normal,undertheinfluence,23.881703006915714,3.1590561447876384,0.9562124505591335
pythia,8,normal,vixenandtheussr,23.915573417934297,4.6360389110330305,0.9262990992540686
pythia,8,normal,waitingtogo,23.98158106879911,4.406552454977157,0.9338435770818516
pythia,8,normal,whenmothersbullyback,24.240838552476998,3.6463567860785027,0.9450060007424173
pythia,8,normal,wildwomenanddancingqueens,23.884351048908883,3.6512329848167395,0.9779489104555351
pythia,8,ctx1,adollshouse,23.933890177776163,1.7269881176680897,0.9788096632929333
pythia,8,ctx1,adventuresinsayingyes,24.305201043755968,2.467345075931632,0.9386855188283426
pythia,8,ctx1,afatherscover,24.20319016478763,2.092623340714363,0.9630220966349344
pythia,8,ctx1,againstthewind,24.145456241360705,1.730190388429824,0.9926360578660044
pythia,8,ctx1,alternateithicatom,24.355002010753125,2.2049679221566394,0.9527810732131494
pythia,8,ctx1,avatar,24.244225308513016,1.8058142890689954,0.9649073559539777
pythia,8,ctx1,backsideofthestorm,24.0231642117613,2.2487880773139155,0.9486963446362899
pythia,8,ctx1,becomingindian,24.19919224073469,2.4446025912203657,0.9390904290464143
pythia,8,ctx1,beneaththemushroomcloud,24.197268339378073,2.40980713492056,0.9453382386691341
pythia,8,ctx1,birthofanation,24.38038354017936,2.2977709198756666,0.9592108510475352
pythia,8,ctx1,bluehope,24.4414957904851,2.2380444263272934,0.9448909986036371
pythia,8,ctx1,breakingupintheageofgoogle,24.093995693009653,2.0834870032572366,0.9413658747362136
pythia,8,ctx1,buck,24.125671103485065,1.8728434429160032,0.9637948182177097
pythia,8,ctx1,catfishingstrangerstofindmyself,24.160803768324577,1.8440547374995184,0.9625727836003932
pythia,8,ctx1,cautioneating,24.14939347826064,1.9362344423278297,0.9681340093464723
pythia,8,ctx1,christmas1940,24.18563248386248,1.887935033980667,0.9738140708530101
pythia,8,ctx1,cocoonoflove,24.33204918220021,2.203069505553044,0.9436595695431625
pythia,8,ctx1,comingofageondeathrow,24.30546075883568,2.167066922956374,0.9493158058255897
pythia,8,ctx1,exorcism,24.10834514893396,2.5185093796260065,0.9343781823060195
pythia,8,ctx1,eyespy,24.034962534143165,2.176878866531952,0.9460099053289182
pythia,8,ctx1,firetestforlove,24.196962422110275,2.2407740211379004,0.9529540622936572
pythia,8,ctx1,food,24.07770857396074,2.175904511678143,0.9474171089427962
pythia,8,ctx1,forgettingfear,24.382670306720968,2.125686933087436,0.9671166777787095
pythia,8,ctx1,fromboyhoodtofatherhood,24.27310771781444,2.936913845803353,0.9320809890712625
pythia,8,ctx1,gangstersandcookies,24.160019227696772,2.6261773354100484,0.9543920275109801
pythia,8,ctx1,goingthelibertyway,24.314698567231673,2.6836945160138876,0.9354142967313831
pythia,8,ctx1,goldiethegoldfish,24.18027540993288,2.0224007481358863,0.9579771046570447
pythia,8,ctx1,golfclubbing,23.89009007814593,2.3819537668222166,0.9728739135552259
pythia,8,ctx1,gpsformylostidentity,24.187040635019248,2.2594237393789562,0.9488213594045635
pythia,8,ctx1,hangtime,23.975906586316658,2.747813605418708,0.9441951513830468
pythia,8,ctx1,haveyoumethimyet,24.36451085855685,1.798582505043179,0.9543037472938238
pythia,8,ctx1,howtodraw,24.392864452898436,2.261687227371905,0.9475642187830658
pythia,8,ctx1,ifthishaircouldtalk,24.120235919333275,2.3140900298356386,0.9623043924655468
pythia,8,ctx1,inamoment,24.343241145840132,1.8297233112793037,0.9832812563177856
pythia,8,ctx1,itsabox,24.10695041687376,1.9365663717537822,0.9597039938871665
pythia,8,ctx1,jugglingandjesus,24.20850059684842,1.6263654444805078,0.9905604213942505
pythia,8,ctx1,kiksuya,24.12555670351615,2.334436899447202,0.947763502417015
pythia,8,ctx1,leavingbaghdad,24.474533138936184,2.2750482956758677,0.9504738451516336
pythia,8,ctx1,legacy,24.38552184604439,1.7977174555849662,0.9630813166763266
pythia,8,ctx1,life,24.128360972050785,1.9735163478697935,0.9521567360139126
pythia,8,ctx1,lifeanddeathontheoregontrail,24.35271273413906,2.1930446470301983,0.9500124281771946
pythia,8,ctx1,lifereimagined,24.36202735044207,2.019050336842511,0.9591940320778377
pythia,8,ctx1,listo,24.22382204923687,2.577821306762143,0.9416939463396264
pythia,8,ctx1,mayorofthefreaks,24.122156834406848,1.9795701325618242,0.9445840510522213
pythia,8,ctx1,metsmagic,24.104458170860326,2.4633696974927246,0.9641251388796359
pythia,8,ctx1,mybackseatviewofagreatromance,24.09035495425146,2.388348030270187,0.9392409320412458
pythia,8,ctx1,myfathershands,24.24515978787664,1.9856822474006515,0.9880354601142584
pythia,8,ctx1,myfirstdaywiththeyankees,24.133889696039013,2.706624294695217,0.937836381074169
pythia,8,ctx1,naked,23.99309960413378,2.1974684800632662,0.9528322667230696
pythia,8,ctx1,notontheusualtour,24.411146921934304,2.0207820421580296,0.9717513479409364
pythia,8,ctx1,odetostepfather,24.18245815573482,2.17107853722548,0.9498152883482028
pythia,8,ctx1,onlyonewaytofindout,24.326798841997906,1.8319287808459104,0.9594354087391992
pythia,8,ctx1,penpal,24.44356603483295,2.569205497212171,0.9554611508661215
pythia,8,ctx1,quietfire,24.04531271011302,2.72978552425951,0.9254299074294658
pythia,8,ctx1,reachingoutbetweenthebars,24.173872685838802,1.8091799673428899,0.9680391963274718
pythia,8,ctx1,shoppinginchina,24.326420698598614,2.0869475048621737,0.9540384314318153
pythia,8,ctx1,singlewomanseekingmanwich,24.05697086072179,1.9954842135701227,0.9609976241258162
pythia,8,ctx1,sloth,24.362459090655655,1.8771483248377336,0.9534506556182105
pythia,8,ctx1,souls,24.29545559637149,2.0966058186922454,0.952686150030311
pythia,8,ctx1,stagefright,24.189808326406663,2.340826640422199,0.9544447203934325
pythia,8,ctx1,stumblinginthedark,24.22810585065571,2.3603936590656427,0.9360923596766348
pythia,8,ctx1,superheroesjustforeachother,24.093360036618908,1.8902507844425833,0.9621064438431188
pythia,8,ctx1,sweetaspie,24.325382702391117,1.615637195531294,0.997457029320392
pythia,8,ctx1,swimmingwithastronauts,24.330704218633283,2.0331964347381186,0.9524148002116745
pythia,8,ctx1,thatthingonmyarm,24.18986360182941,2.2716717352748654,0.941398799060043
pythia,8,ctx1,theadvancedbeginner,24.243073529712813,1.8886067827189534,0.9661528276936423
pythia,8,ctx1,theclosetthatateeverything,24.15168315112282,2.1134207857030636,0.9574540466257901
pythia,8,ctx1,thecurse,24.17547655161824,1.83618512920303,0.9597670916586204
pythia,8,ctx1,thefreedomridersandme,24.18832525954158,2.378796473585325,0.9504192584980437
pythia,8,ctx1,theinterview,24.415322556497244,1.770259500615666,0.9829180044054259
pythia,8,ctx1,thepostmanalwayscalls,24.277518405147653,2.0673216916241364,0.9489677664199881
pythia,8,ctx1,theshower,24.18203549167048,2.3754415384545298,0.9444723856695096
pythia,8,ctx1,thetiniestbouquet,24.29750168268592,1.6568151087184666,0.9910737102884156
pythia,8,ctx1,thetriangleshirtwaistconnection,24.102124205470215,2.139996330177647,0.9746979845442376
pythia,8,ctx1,threemonths,24.06355966792458,1.8725685294269476,0.9608319776705613
pythia,8,ctx1,thumbsup,24.280775854984842,3.0646045295977222,0.9237788003628655
pythia,8,ctx1,tildeath,24.29672029885598,2.037414833154839,0.95661515392846
pythia,8,ctx1,treasureisland,24.360289215026697,1.9773212703051284,0.955592175336454
pythia,8,ctx1,undertheinfluence,24.176383725321767,1.909694655008926,0.9641283120104722
pythia,8,ctx1,vixenandtheussr,24.225573853276487,2.617681073791074,0.9340232250622997
pythia,8,ctx1,waitingtogo,24.386581344640575,2.5878113488634926,0.9410371929643657
pythia,8,ctx1,whenmothersbullyback,24.23957987419776,2.3114547699175185,0.9510855867733281
pythia,8,ctx1,wildwomenanddancingqueens,24.0520916833903,2.251716324775627,0.9785377889490691
pythia,128,normal,adollshouse,24.930902242944228,3.0411837055180393,0.9773582377117115
pythia,128,normal,adventuresinsayingyes,24.661483974435914,6.246118462598147,0.9281910174182162
pythia,128,normal,afatherscover,24.744564823719376,4.514058855417469,0.9579738340220354
pythia,128,normal,againstthewind,24.84058288903196,3.2960520042195554,0.9919124249920922
pythia,128,normal,alternateithicatom,24.841256271846923,5.642249728871358,0.9445971802484144
pythia,128,normal,avatar,24.83562005300063,3.3832031528803066,0.9583030383344998
pythia,128,normal,backsideofthestorm,24.521317775204214,6.177419971363866,0.9427335250289055
pythia,128,normal,becomingindian,24.83077992199847,8.11452792588846,0.9328647918949025
pythia,128,normal,beneaththemushroomcloud,24.757218142366348,6.682680953581494,0.9376114126099642
pythia,128,normal,birthofanation,25.037830441081688,6.408225045700076,0.9552809043930308
pythia,128,normal,bluehope,25.259442263374194,5.090850595057486,0.9339018498407509
pythia,128,normal,breakingupintheageofgoogle,24.72555549757879,4.777349255503082,0.9268664162296785
pythia,128,normal,buck,24.658625591278803,3.9718783739074524,0.9576264038320629
pythia,128,normal,catfishingstrangerstofindmyself,24.449703977733293,3.977005993624794,0.9536033124889266
pythia,128,normal,cautioneating,24.788222051718233,4.557634636187198,0.9624502492753277
pythia,128,normal,christmas1940,24.653968750378382,4.021249583003343,0.9688186350725944
pythia,128,normal,cocoonoflove,25.034365565474026,5.104361608702761,0.9365953117461228
pythia,128,normal,comingofageondeathrow,24.592213522521583,5.7926607294727175,0.9371056419106455
pythia,128,normal,exorcism,24.696472830988995,7.637703032023826,0.9240579029392397
pythia,128,normal,eyespy,24.80148516606798,5.519942806622809,0.9400857811709102
pythia,128,normal,firetestforlove,24.79279469823225,6.051793968222132,0.947249391126882
pythia,128,normal,food,24.48268995587042,5.232631348946469,0.9401635386276898
pythia,128,normal,forgettingfear,25.02489409244069,4.597733186511937,0.9628761311221586
pythia,128,normal,fromboyhoodtofatherhood,24.40390534825605,8.636137213021895,0.9268423819977063
pythia,128,normal,gangstersandcookies,24.52133610253504,6.785367171003686,0.9505304252691351
pythia,128,normal,goingthelibertyway,24.952121148606558,6.7900515457768345,0.9289021966141874
pythia,128,normal,goldiethegoldfish,24.614096180263623,4.721684320520637,0.9501264141519027
pythia,128,normal,golfclubbing,24.59198973237503,4.987249934791431,0.9754340471602748
pythia,128,normal,gpsformylostidentity,24.503507441674188,5.840175385646096,0.9387928010748008
pythia,128,normal,hangtime,24.772011586025133,6.163899973537843,0.946539836447631
pythia,128,normal,haveyoumethimyet,24.533229904448692,4.109491327068465,0.9373265173890237
pythia,128,normal,howtodraw,24.745527114545183,5.826755106626238,0.9366728622472797
pythia,128,normal,ifthishaircouldtalk,24.975699797668856,5.027497360971606,0.9611575779456475
pythia,128,normal,inamoment,24.369387201862665,4.286902956853338,0.9806956745353583
pythia,128,normal,itsabox,24.213552073125612,4.639863952819031,0.95036877536877
pythia,128,normal,jugglingandjesus,24.397327677658296,2.9673922962620995,0.9883783032380995
pythia,128,normal,kiksuya,24.536084719355685,5.985036567010673,0.9382516570879662
pythia,128,normal,leavingbaghdad,24.84875827732658,5.989892781004502,0.9434674682584974
pythia,128,normal,legacy,25.257040696859004,3.509643766847842,0.9551352258640784
pythia,128,normal,life,24.87150465285431,4.351463855098502,0.9417490922038526
pythia,128,normal,lifeanddeathontheoregontrail,25.056701225865087,5.141700068039799,0.9433335649901038
pythia,128,normal,lifereimagined,24.704807454195286,4.931188680431521,0.9513632612997494
pythia,128,normal,listo,25.080302658687835,6.66063501814018,0.9446787715208065
pythia,128,normal,mayorofthefreaks,24.613017651938645,5.021887372125621,0.9335483521461999
pythia,128,normal,metsmagic,24.54470893074326,6.443179807780794,0.962297967648437
pythia,128,normal,mybackseatviewofagreatromance,24.28523099030981,5.809551171431361,0.9287544255701597
pythia,128,normal,myfathershands,24.864549923817755,4.141140735119398,0.988203039244004
pythia,128,normal,myfirstdaywiththeyankees,24.63300812164541,7.707868544639515,0.9331513879471228
pythia,128,normal,naked,24.40368289560587,5.7584126098724555,0.9347304190340449
pythia,128,normal,notontheusualtour,24.864619165667655,4.823366163699223,0.9690492043152119
pythia,128,normal,odetostepfather,24.88394940331122,4.539246983248225,0.9447439894175861
pythia,128,normal,onlyonewaytofindout,24.7422264840174,4.05465291988663,0.9496385229755312
pythia,128,normal,penpal,24.616475220489214,6.809411528364361,0.9519684302915374
pythia,128,normal,quietfire,24.13045353790389,8.051574582961242,0.9177712352612286
pythia,128,normal,reachingoutbetweenthebars,24.513543336940337,3.5757351151357675,0.9603866197444401
pythia,128,normal,shoppinginchina,24.569536620274903,4.936197500060379,0.9424323649228816
pythia,128,normal,singlewomanseekingmanwich,24.304450257087957,4.81794656973112,0.9510634033561808
pythia,128,normal,sloth,24.889602176406434,4.714020512185082,0.9373885154051503
pythia,128,normal,souls,24.767837608123983,4.953009473020325,0.9427097575781435
pythia,128,normal,stagefright,24.94436798239524,6.050061413157253,0.9523461339764627
pythia,128,normal,stumblinginthedark,24.994260315232705,5.668144457181485,0.9275682071183214
pythia,128,normal,superheroesjustforeachother,24.64003414564288,4.009019879896692,0.9544136710935122
pythia,128,normal,sweetaspie,24.553465555561832,2.830672060277531,0.9971726291831963
pythia,128,normal,swimmingwithastronauts,24.990739991219662,4.831956811927486,0.945265089811809
pythia,128,normal,thatthingonmyarm,24.75249568122302,5.952414509882322,0.9359426193546925
pythia,128,normal,theadvancedbeginner,24.761966558802207,3.7045784967677506,0.9603934279635914
pythia,128,normal,theclosetthatateeverything,24.822299569270804,5.25900696770897,0.9494998925321557
pythia,128,normal,thecurse,24.73746081609474,3.828932972180066,0.9496688636264088
pythia,128,normal,thefreedomridersandme,24.823995408585358,6.0297174691893884,0.9490582617489042
pythia,128,normal,theinterview,24.73225036486842,3.5958116345382996,0.9806825302776662
pythia,128,normal,thepostmanalwayscalls,24.542755653976496,5.294272084112342,0.9405519805867609
pythia,128,normal,theshower,24.82375232543479,4.981852492989138,0.9432618643769554
pythia,128,normal,thetiniestbouquet,24.354159654480863,3.1128304390716246,0.9894587610571828
pythia,128,normal,thetriangleshirtwaistconnection,24.629284293683007,5.213001237907132,0.9735344970882829
pythia,128,normal,threemonths,24.437023063354236,4.6168521301174605,0.9526948282871993
pythia,128,normal,thumbsup,25.21838101784722,8.048071590343225,0.9202461343863695
pythia,128,normal,tildeath,24.794395134471703,4.800122102320287,0.9488026010496228
pythia,128,normal,treasureisland,24.949388285119472,4.836742043766171,0.9484188221995395
pythia,128,normal,undertheinfluence,24.75327255594958,4.598657919579652,0.9568042132222253
pythia,128,normal,vixenandtheussr,24.70433356943159,7.217563808562479,0.9260313376790613
pythia,128,normal,waitingtogo,24.63077449918364,6.285753291685641,0.9358009649127164
pythia,128,normal,whenmothersbullyback,24.71105667030809,5.169303258906986,0.9433533346814722
pythia,128,normal,wildwomenanddancingqueens,25.12984167780329,4.805358927584885,0.980481472288358
pythia,128,ctx1,adollshouse,26.612485095598124,1.5688421525627427,0.9863913367217696
pythia,128,ctx1,adventuresinsayingyes,27.092350577877934,2.045381110448102,0.9588578345101745
pythia,128,ctx1,afatherscover,27.122628969285646,1.739738232974433,0.9775348705330263
pythia,128,ctx1,againstthewind,26.74718093713613,1.5675516858062875,0.9955691036621053
pythia,128,ctx1,alternateithicatom,27.30667624852044,1.888019571910512,0.9686417646805598
pythia,128,ctx1,avatar,27.16320735433227,1.5777965002178325,0.9781222291303643
pythia,128,ctx1,backsideofthestorm,27.146626935704802,1.838491999924059,0.9679604877908468
pythia,128,ctx1,becomingindian,27.23812647590296,2.0573620002672857,0.9602653850578172
pythia,128,ctx1,beneaththemushroomcloud,27.48914491163196,1.899771988987591,0.9657902089200281
pythia,128,ctx1,birthofanation,27.449777050191194,1.892890135336237,0.9745436289048507
pythia,128,ctx1,bluehope,27.81052265702735,1.8489980489796503,0.9656849631054812
pythia,128,ctx1,breakingupintheageofgoogle,26.925537131762816,1.8877394365467202,0.9570351537946824
pythia,128,ctx1,buck,27.074983885735993,1.636931630468372,0.9766565953825888
pythia,128,ctx1,catfishingstrangerstofindmyself,27.135751545463272,1.5501805504137705,0.9776169277597434
pythia,128,ctx1,cautioneating,26.862959146607057,1.7070216200544244,0.9793734575515788
pythia,128,ctx1,christmas1940,26.943070202902796,1.6464594270429924,0.9838974646358797
pythia,128,ctx1,cocoonoflove,27.606302925423126,1.841765209668058,0.9639828327663674
pythia,128,ctx1,comingofageondeathrow,27.13068457672656,1.857649807603312,0.9670024968588568
pythia,128,ctx1,exorcism,26.900379729715933,2.157608484588847,0.9530624262074935
pythia,128,ctx1,eyespy,26.987763802986926,1.889245841104815,0.9651513921145036
pythia,128,ctx1,firetestforlove,27.176853603911567,1.9347989306651596,0.9685379823355208
pythia,128,ctx1,food,27.120702584187164,1.8647971075215344,0.9665240826440905
pythia,128,ctx1,forgettingfear,27.5624631670514,1.7979091116341157,0.9795709517991816
pythia,128,ctx1,fromboyhoodtofatherhood,26.873451389149558,2.491934995585688,0.9521149075171337
pythia,128,ctx1,gangstersandcookies,26.92945346825511,2.096283657767255,0.9697680161792314
pythia,128,ctx1,goingthelibertyway,27.08390040044159,2.305778150874486,0.9543093372569826
pythia,128,ctx1,goldiethegoldfish,27.09510666639188,1.7754762246427365,0.9730073950486746
pythia,128,ctx1,golfclubbing,26.508402672545362,1.9901288959031678,0.9830211638952162
pythia,128,ctx1,gpsformylostidentity,27.256378109328267,1.8959463260051779,0.9669209345174862
pythia,128,ctx1,hangtime,26.57005520430503,2.299848982081042,0.961734020220872
pythia,128,ctx1,haveyoumethimyet,27.08134750633894,1.6552813572697225,0.9679869120026856
pythia,128,ctx1,howtodraw,27.196900396774094,1.932736063650604,0.9652125584775892
pythia,128,ctx1,ifthishaircouldtalk,26.801361077608885,2.0836217142606928,0.9747408848003989
pythia,128,ctx1,inamoment,27.0451122553115,1.6275682212231686,0.9897452986169221
pythia,128,ctx1,itsabox,26.68156419569293,1.7052630519879863,0.9724102511116262
pythia,128,ctx1,jugglingandjesus,26.995593897431323,1.4802041692220251,0.9943927606607652
pythia,128,ctx1,kiksuya,27.045797712151515,1.935326320466881,0.9651121508273734
pythia,128,ctx1,leavingbaghdad,27.240918878756247,1.8928153706485038,0.9667687088282416
pythia,128,ctx1,legacy,27.47354922059322,1.5771371610926566,0.9763166469692582
pythia,128,ctx1,life,27.173985775355767,1.7385976864486594,0.9683434132737433
pythia,128,ctx1,lifeanddeathontheoregontrail,27.207334250162845,1.954225578726296,0.9657943407408414
pythia,128,ctx1,lifereimagined,27.359035518942697,1.7102264548950947,0.9735042303194924
pythia,128,ctx1,listo,27.01646028253903,2.1661022462719264,0.9616991764097199
pythia,128,ctx1,mayorofthefreaks,27.091403199445477,1.7573463988605877,0.9626744986391141
pythia,128,ctx1,metsmagic,26.953274986161095,2.1085946939584868,0.9764243227912002
pythia,128,ctx1,mybackseatviewofagreatromance,26.875105351167143,1.948878245377956,0.961462761815961
pythia,128,ctx1,myfathershands,26.87604779074519,1.7428202352063527,0.9928603031824188
pythia,128,ctx1,myfirstdaywiththeyankees,26.86868230687915,2.3209629593519936,0.9554133931685979
pythia,128,ctx1,naked,26.61069937108293,2.310278682146087,0.9648143167495598
pythia,128,ctx1,notontheusualtour,27.025892895226907,1.821905231526982,0.9822760413908226
pythia,128,ctx1,odetostepfather,26.618176941066938,1.9617786967396396,0.9644954591880524
pythia,128,ctx1,onlyonewaytofindout,27.254062289017668,1.6250973974548386,0.9750990940823528
pythia,128,ctx1,penpal,27.042316367452543,2.2342774238746435,0.9704812247880782
pythia,128,ctx1,quietfire,26.901956329325387,2.1776825337093393,0.951335332875623
pythia,128,ctx1,reachingoutbetweenthebars,27.259788672441058,1.5554056276160049,0.9805587576712482
pythia,128,ctx1,shoppinginchina,27.236021905621,1.8212856070282135,0.9708672450969191
pythia,128,ctx1,singlewomanseekingmanwich,27.096445811826623,1.675293249547747,0.9752007560359153
pythia,128,ctx1,sloth,27.456941106417442,1.6262582722589123,0.9695428558113848
pythia,128,ctx1,souls,26.891919030568204,1.8599851492379533,0.9691003661130142
pythia,128,ctx1,stagefright,27.003319890021416,2.1048278345884386,0.9702719849770861
pythia,128,ctx1,stumblinginthedark,27.037355045683565,1.982582718205873,0.9564887079305978
pythia,128,ctx1,superheroesjustforeachother,26.964792766261986,1.6343069994120605,0.9767716575244654
pythia,128,ctx1,sweetaspie,26.609701266203516,1.4759743057363304,0.9983267257942966
pythia,128,ctx1,swimmingwithastronauts,27.2885155530631,1.7877172635074674,0.9692357985392547
pythia,128,ctx1,thatthingonmyarm,26.867385253445082,1.946392753835527,0.9596778623836529
pythia,128,ctx1,theadvancedbeginner,26.756773119627027,1.7135606206912315,0.9775622990132776
pythia,128,ctx1,theclosetthatateeverything,27.211222089731557,1.874051123792248,0.9721966766095788
pythia,128,ctx1,thecurse,26.946779284003252,1.6150934727189354,0.9726871690493832
pythia,128,ctx1,thefreedomridersandme,27.262303091592074,1.9426566027238135,0.9681231193314879
pythia,128,ctx1,theinterview,26.879408869267763,1.5784551393929087,0.989319135058187
pythia,128,ctx1,thepostmanalwayscalls,27.073396464853126,1.8692839854218604,0.9657077836637453
pythia,128,ctx1,theshower,26.793475689083138,1.9834694715077459,0.964522188539231
pythia,128,ctx1,thetiniestbouquet,26.980189225912966,1.501749204271309,0.9945686810181602
pythia,128,ctx1,thetriangleshirtwaistconnection,26.946460721368172,1.8963962632011315,0.9843120872252668
pythia,128,ctx1,threemonths,26.905770250645727,1.6530952180786298,0.9748289099893774
pythia,128,ctx1,thumbsup,27.172878692016162,2.6202929169647913,0.9453923955127359
pythia,128,ctx1,tildeath,27.155552822891398,1.8644783469326376,0.9708920389847926
pythia,128,ctx1,treasureisland,27.58604239967157,1.728370209437682,0.9727817412527366
pythia,128,ctx1,undertheinfluence,27.45034342320032,1.681520943885034,0.978130571024268
pythia,128,ctx1,vixenandtheussr,27.125361404360987,2.227066142762153,0.9562139586191312
pythia,128,ctx1,waitingtogo,27.301482442823335,2.0024379693654275,0.961530279147864
pythia,128,ctx1,whenmothersbullyback,27.108406876309175,1.8784978478851735,0.9690774790408524
pythia,128,ctx1,wildwomenanddancingqueens,26.75326753024751,1.9981940567357577,0.9863871755059281
rwkv,8,normal,adollshouse,1001.2227945419602,1.0728248601814794,0.9980062409932356
rwkv,8,normal,adventuresinsayingyes,1002.551827039863,1.137680657291915,0.9923011378810943
rwkv,8,normal,afatherscover,994.469217390931,1.1081556722632584,0.9957388493671817
rwkv,8,normal,againstthewind,997.3177785177652,1.0761796833214545,0.9993981780633472
rwkv,8,normal,alternateithicatom,997.9107532734564,1.11910372770899,0.9943057359931244
rwkv,8,normal,avatar,995.6166047501928,1.0830357273641822,0.9962250812554548
rwkv,8,normal,backsideofthestorm,985.2038395584347,1.1411410527165025,0.9933321764909441
rwkv,8,normal,becomingindian,1002.0548848765538,1.1630460639624467,0.9917399483093962
rwkv,8,normal,beneaththemushroomcloud,982.535448134492,1.1466184722918626,0.9927458614814221
rwkv,8,normal,birthofanation,978.528953295868,1.134259921807569,0.9949055896590652
rwkv,8,normal,bluehope,983.4055685310058,1.1164468388401108,0.9930948008079884
rwkv,8,normal,breakingupintheageofgoogle,1005.7654586162646,1.11947739494503,0.9926146596156853
rwkv,8,normal,buck,978.1364385711903,1.0940324516372861,0.9959952503759585
rwkv,8,normal,catfishingstrangerstofindmyself,981.5627745226886,1.091407435382415,0.9958321272850656
rwkv,8,normal,cautioneating,993.1992623848779,1.0991623378741175,0.9963716401204148
rwkv,8,normal,christmas1940,995.3776866644401,1.1067831759863886,0.9970085566385107
rwkv,8,normal,cocoonoflove,984.635227860869,1.1244501378661862,0.9930374585864421
rwkv,8,normal,comingofageondeathrow,988.9438240197474,1.1327525932879914,0.99304650798584
rwkv,8,normal,exorcism,1009.7933168586279,1.148709276020993,0.9913921992452902
rwkv,8,normal,eyespy,990.8829121485653,1.1189970613548241,0.9938240330874133
rwkv,8,normal,firetestforlove,1004.5208132811547,1.1356441963837889,0.9942408478207208
rwkv,8,normal,food,983.2361626674777,1.1275592775058745,0.9935599749954546
rwkv,8,normal,forgettingfear,985.7373459533901,1.1175512849421572,0.9960708578032538
rwkv,8,normal,fromboyhoodtofatherhood,990.1136266662359,1.1812421493221346,0.9908139257620069
rwkv,8,normal,gangstersandcookies,1005.9694960341819,1.1607001874389358,0.9941004119568047
rwkv,8,normal,goingthelibertyway,1000.2454481487489,1.1509413216849573,0.9917542033891338
rwkv,8,normal,goldiethegoldfish,983.1622258010781,1.109504994617986,0.9949992528910012
rwkv,8,normal,golfclubbing,985.5694380306946,1.1292990388054105,0.9972219878479464
rwkv,8,normal,gpsformylostidentity,979.4503866160514,1.1365983339299683,0.9932601192648515
rwkv,8,normal,hangtime,1003.9497304743422,1.1573742493042123,0.9933497353289714
rwkv,8,normal,haveyoumethimyet,994.263831394793,1.0929857125146611,0.9942602065818702
rwkv,8,normal,howtodraw,992.0415629428132,1.1297443495042028,0.9932713921910759
rwkv,8,normal,ifthishaircouldtalk,1001.8270401861237,1.1248660922486304,0.9957807494720952
rwkv,8,normal,inamoment,1002.6160344592278,1.0931593607605146,0.9983414067116351
rwkv,8,normal,itsabox,1005.2761423916481,1.1075632304587992,0.9950974955677256
rwkv,8,normal,jugglingandjesus,995.9518334224763,1.0673965642632284,0.9991846602912772
rwkv,8,normal,kiksuya,995.9812710389378,1.1386799466526563,0.993297669453496
rwkv,8,normal,leavingbaghdad,992.9531000090456,1.1398251434561362,0.9935742088430201
rwkv,8,normal,legacy,1000.8028216162321,1.0771328622566576,0.9961715683021857
rwkv,8,normal,life,1002.8879004074951,1.0954852717337509,0.9946608520207885
rwkv,8,normal,lifeanddeathontheoregontrail,989.8113047096269,1.1146566365074557,0.994132652426454
rwkv,8,normal,lifereimagined,1001.7275531302316,1.1106606925271634,0.9950900571364353
rwkv,8,normal,listo,998.730906939281,1.150060363455209,0.993253438079974
rwkv,8,normal,mayorofthefreaks,995.0836618532578,1.1177599277269004,0.9932640550589104
rwkv,8,normal,metsmagic,987.9717185078106,1.1414874013977359,0.9956896132099056
rwkv,8,normal,mybackseatviewofagreatromance,971.1610380569546,1.134355936329574,0.9924595960417292
rwkv,8,normal,myfathershands,1002.9292220921814,1.1020088435679514,0.9987129018403266
rwkv,8,normal,myfirstdaywiththeyankees,987.3647996991026,1.1639479702316644,0.9918869049849508
rwkv,8,normal,naked,997.4471098122638,1.1263822254866465,0.9933086651147618
rwkv,8,normal,notontheusualtour,991.4273186599447,1.1093183601988903,0.9969616158813128
rwkv,8,normal,odetostepfather,1000.8509342936891,1.107879531768839,0.994522222181535
rwkv,8,normal,onlyonewaytofindout,996.4768845969738,1.0947465449855713,0.9953894242677328
rwkv,8,normal,penpal,1000.8652584828681,1.1566335181289082,0.994386260516065
rwkv,8,normal,quietfire,989.6615922492527,1.1895256950773756,0.98976371298388
rwkv,8,normal,reachingoutbetweenthebars,978.7746671785947,1.091387406892285,0.9963178095720682
rwkv,8,normal,shoppinginchina,989.5725275109223,1.1124996538801333,0.9943303750214072
rwkv,8,normal,singlewomanseekingmanwich,985.0451803217127,1.1142716055276969,0.9951345464055016
rwkv,8,normal,sloth,991.6529151493738,1.093979294687457,0.9945449510929217
rwkv,8,normal,souls,998.1632593503889,1.110566834550603,0.9944354262607215
rwkv,8,normal,stagefright,1007.0317704934847,1.1336720040781476,0.994792063068806
rwkv,8,normal,stumblinginthedark,998.1201262154682,1.1263041760419243,0.9919154583339691
rwkv,8,normal,superheroesjustforeachother,973.0909536603266,1.0992260825924736,0.9955182978971281
rwkv,8,normal,sweetaspie,981.1607415196264,1.063992341294957,0.9997958408819934
rwkv,8,normal,swimmingwithastronauts,985.0842144369443,1.1024037633538153,0.9946544581001558
rwkv,8,normal,thatthingonmyarm,987.0603148944782,1.1314909691885529,0.9928932741726688
rwkv,8,normal,theadvancedbeginner,995.112651236094,1.0840176378324657,0.9965386128353806
rwkv,8,normal,theclosetthatateeverything,1012.6860347046766,1.1182317636397952,0.9947577103320431
rwkv,8,normal,thecurse,1003.9192134876698,1.083934619669981,0.9955383176459738
rwkv,8,normal,thefreedomridersandme,1007.5521068500971,1.1378912783051003,0.9943872108558486
rwkv,8,normal,theinterview,1005.3412407982286,1.0839938375332083,0.9982980598615123
rwkv,8,normal,thepostmanalwayscalls,987.8969931403292,1.1070135206978517,0.9943926536657024
rwkv,8,normal,theshower,984.7464035887722,1.1249137849153652,0.9939557434097119
rwkv,8,normal,thetiniestbouquet,990.491909583471,1.0736908044371842,0.9992177931252512
rwkv,8,normal,thetriangleshirtwaistconnection,990.2594884792961,1.1206537935015959,0.9971926322797914
rwkv,8,normal,threemonths,1007.1097641473151,1.1080142057854083,0.9953082654852332
rwkv,8,normal,thumbsup,995.3018595766508,1.185735515182516,0.9892374694078339
rwkv,8,normal,tildeath,1000.49406557163,1.1136436075714087,0.9948898775567336
rwkv,8,normal,treasureisland,991.7225857479567,1.1016246967340322,0.9949218779608429
rwkv,8,normal,undertheinfluence,980.546725043659,1.1043297905892597,0.9956050844194093
rwkv,8,normal,vixenandtheussr,978.2522642352034,1.164463372031233,0.9908581140854131
rwkv,8,normal,waitingtogo,989.4303656391302,1.1498877000954977,0.9925185961580507
rwkv,8,normal,whenmothersbullyback,980.0934474700159,1.1263136611522853,0.9939362443318049
rwkv,8,normal,wildwomenanddancingqueens,1011.625546984148,1.118981030059882,0.9978253984310456
rwkv,8,ctx1,adollshouse,935.8121113604689,1.031965413637826,0.9988205399321921
rwkv,8,ctx1,adventuresinsayingyes,939.2124404317059,1.0647048608867296,0.9957593948419473
rwkv,8,ctx1,afatherscover,935.9793083862414,1.0485509804995428,0.9977686689688371
rwkv,8,ctx1,againstthewind,927.5758900977016,1.0356722552538402,0.9996038759698085
rwkv,8,ctx1,alternateithicatom,930.4756064369424,1.053176259214267,0.9968973751301293
rwkv,8,ctx1,avatar,929.9733082283236,1.0376268871987229,0.9979259287857795
rwkv,8,ctx1,backsideofthestorm,911.9849649419127,1.0560369705545056,0.9966334462790106
rwkv,8,ctx1,becomingindian,933.948287815561,1.0633558975337607,0.9957554202666117
rwkv,8,ctx1,beneaththemushroomcloud,924.6646905652487,1.0612644801879854,0.9962952334241475
rwkv,8,ctx1,birthofanation,926.9187708499535,1.0588150654043658,0.9973442479959197
rwkv,8,ctx1,bluehope,934.4113275907175,1.0544864111240706,0.9964061837508461
rwkv,8,ctx1,breakingupintheageofgoogle,946.7095369444494,1.0520394414685192,0.9959952489991547
rwkv,8,ctx1,buck,909.5979632862968,1.0403140454998456,0.9977032673580946
rwkv,8,ctx1,catfishingstrangerstofindmyself,922.617508993337,1.0420067228911087,0.9978087121739618
rwkv,8,ctx1,cautioneating,932.9976154225567,1.0411479155147803,0.998092849642917
rwkv,8,ctx1,christmas1940,920.5609743633679,1.0452515692776683,0.9983481629300968
rwkv,8,ctx1,cocoonoflove,932.0479414825545,1.0572969304669473,0.9962009841139222
rwkv,8,ctx1,comingofageondeathrow,931.3100820045711,1.0553683303492087,0.996643928229049
rwkv,8,ctx1,exorcism,944.6827845488198,1.0651513816091247,0.9954750239603077
rwkv,8,ctx1,eyespy,928.5249811910951,1.05145547915852,0.9965933476709045
rwkv,8,ctx1,firetestforlove,944.6769346189678,1.0556057238679561,0.9968945066034969
rwkv,8,ctx1,food,918.4257598243086,1.0531779239316774,0.9965511299756437
rwkv,8,ctx1,forgettingfear,916.5607003482679,1.0520590402687646,0.997876001728293
rwkv,8,ctx1,fromboyhoodtofatherhood,922.3894590921087,1.0783518554100284,0.9949808642891741
rwkv,8,ctx1,gangstersandcookies,935.4738988416931,1.0719420240668163,0.9966851993383303
rwkv,8,ctx1,goingthelibertyway,935.0026405731135,1.0731400863621783,0.9952749223344071
rwkv,8,ctx1,goldiethegoldfish,918.6902698698648,1.045969177976101,0.9974105123979304
rwkv,8,ctx1,golfclubbing,912.7478008111743,1.0575001242663142,0.9982440563274408
rwkv,8,ctx1,gpsformylostidentity,930.9984870964829,1.0593603578082165,0.9964446632210006
rwkv,8,ctx1,hangtime,928.552431644731,1.0722061812775137,0.9958850157706343
rwkv,8,ctx1,haveyoumethimyet,922.2715841143271,1.0387808391141717,0.9971686693031734
rwkv,8,ctx1,howtodraw,926.5514792591226,1.0591405026163248,0.9963585878098071
rwkv,8,ctx1,ifthishaircouldtalk,937.2871184866099,1.0572397686370711,0.9974792433231717
rwkv,8,ctx1,inamoment,946.8596152716302,1.0447518018095423,0.9989646821946891
rwkv,8,ctx1,itsabox,926.7211368469236,1.0451708535340294,0.9974257352083759
rwkv,8,ctx1,jugglingandjesus,918.9365679276062,1.0299423372705312,0.9994962199904605
rwkv,8,ctx1,kiksuya,943.9541598119685,1.0609939116150136,0.9964977624579692
rwkv,8,ctx1,leavingbaghdad,916.2723217932548,1.0577426321117518,0.9966431600268597
rwkv,8,ctx1,legacy,941.3981563076707,1.0376594932031609,0.9978612001588888
rwkv,8,ctx1,life,939.1882987240195,1.0464045134006152,0.9969681582153732
rwkv,8,ctx1,lifeanddeathontheoregontrail,916.7588852928968,1.0527051957703983,0.9967444815382169
rwkv,8,ctx1,lifereimagined,934.2379270258658,1.0478683511834281,0.9974061063174379
rwkv,8,ctx1,listo,939.1259693352224,1.0642369989057006,0.9960632570606631
rwkv,8,ctx1,mayorofthefreaks,929.9303778822959,1.0468978868776306,0.996433323018144
rwkv,8,ctx1,metsmagic,929.0904262297863,1.0656077156902208,0.9973653254929358
rwkv,8,ctx1,mybackseatviewofagreatromance,913.1660826490725,1.0602490829523137,0.9959626128775607
rwkv,8,ctx1,myfathershands,933.8587608091459,1.0451583542078493,0.9992343175756178
rwkv,8,ctx1,myfirstdaywiththeyankees,921.744626797153,1.0708095032776668,0.9954026944417862
rwkv,8,ctx1,naked,922.0264079275776,1.0512219025605185,0.9963299689861279
rwkv,8,ctx1,notontheusualtour,941.0645661148513,1.0465231676888394,0.9982787109750086
rwkv,8,ctx1,odetostepfather,929.3676770900931,1.051090033121286,0.9967594680123485
rwkv,8,ctx1,onlyonewaytofindout,937.7724184076975,1.0419984179006294,0.9976040104496995
rwkv,8,ctx1,penpal,929.5509664936094,1.071070355594665,0.9967384078727625
rwkv,8,ctx1,quietfire,922.7678944036687,1.0754405944759382,0.9944471308593098
rwkv,8,ctx1,reachingoutbetweenthebars,909.0189646812994,1.0393430370354881,0.9980418210315946
rwkv,8,ctx1,shoppinginchina,937.0075958249305,1.0533517275051132,0.997004581074403
rwkv,8,ctx1,singlewomanseekingmanwich,921.0786725462712,1.0463501256903354,0.9975306365999544
rwkv,8,ctx1,sloth,936.3396528316068,1.0408901369805537,0.9971607994001133
rwkv,8,ctx1,souls,936.79373868425,1.0483687467286853,0.997021138080272
rwkv,8,ctx1,stagefright,944.4478418304644,1.0569272015348437,0.9970595988785633
rwkv,8,ctx1,stumblinginthedark,930.7970415834432,1.057317108907403,0.9956313221856191
rwkv,8,ctx1,superheroesjustforeachother,923.8745233654495,1.0437796876723267,0.9976787918434976
rwkv,8,ctx1,sweetaspie,923.7551703997792,1.0309991282672475,0.9998534803261238
rwkv,8,ctx1,swimmingwithastronauts,919.7472326045572,1.0471164989955275,0.9970338414045338
rwkv,8,ctx1,thatthingonmyarm,921.5781259627827,1.0567917099293123,0.9960823840266667
rwkv,8,ctx1,theadvancedbeginner,929.0283547280169,1.0405877865365356,0.9979481288915254
rwkv,8,ctx1,theclosetthatateeverything,942.5140986865775,1.0526110405473441,0.997107594196272
rwkv,8,ctx1,thecurse,941.1588342873213,1.0386108654212036,0.9975178353666043
rwkv,8,ctx1,thefreedomridersandme,942.7942929818634,1.0617738954992795,0.9965333579093402
rwkv,8,ctx1,theinterview,925.4778061310911,1.0402474179346866,0.9989086178193745
rwkv,8,ctx1,thepostmanalwayscalls,920.6541461446163,1.0486913291525666,0.9966696119299042
rwkv,8,ctx1,theshower,936.2760081300434,1.0590870455223351,0.9964029807776448
rwkv,8,ctx1,thetiniestbouquet,924.6061709450177,1.0331192465928682,0.9994889892799292
rwkv,8,ctx1,thetriangleshirtwaistconnection,922.153562786382,1.0499385135462693,0.9983801311964473
rwkv,8,ctx1,threemonths,932.7482586127769,1.044069177797419,0.9975273337833647
rwkv,8,ctx1,thumbsup,934.3940322294134,1.0800666541152784,0.9942054496571333
rwkv,8,ctx1,tildeath,934.6751554632929,1.0512244266050845,0.9970671079428963
rwkv,8,ctx1,treasureisland,936.4003080382939,1.0458681083594745,0.9971879553426465
rwkv,8,ctx1,undertheinfluence,927.6616443077736,1.0427154333174642,0.9978495512957773
rwkv,8,ctx1,vixenandtheussr,911.915657275918,1.0698803282056257,0.9951257948704473
rwkv,8,ctx1,waitingtogo,934.0866276127032,1.0693334714732499,0.9958911796742981
rwkv,8,ctx1,whenmothersbullyback,931.0590031815425,1.058908326483753,0.9966703867341347
rwkv,8,ctx1,wildwomenanddancingqueens,946.0962464452228,1.056526373401387,0.9985524194868339
rwkv,128,normal,adollshouse,1005.9871239817094,1.0839147056214027,0.9981477685246473
rwkv,128,normal,adventuresinsayingyes,1007.7479871130699,1.1661821886664172,0.9919239699663999
rwkv,128,normal,afatherscover,997.0155322105275,1.1197785525844295,0.9960197288219176
rwkv,128,normal,againstthewind,995.6209303636324,1.0865997749549627,0.9994404265127584
rwkv,128,normal,alternateithicatom,1000.1296960526017,1.1409102638118445,0.9942449534436069
rwkv,128,normal,avatar,994.8694308897632,1.0919832051269507,0.9965312995462338
rwkv,128,normal,backsideofthestorm,999.0225205601347,1.1748394134442846,0.9930566523978934
rwkv,128,normal,becomingindian,1013.8746858517862,1.2068840504951481,0.9912872380639277
rwkv,128,normal,beneaththemushroomcloud,988.9891867193955,1.1755380018680694,0.9925302427473681
rwkv,128,normal,birthofanation,992.0558302725581,1.1650883551828717,0.9949643691437294
rwkv,128,normal,bluehope,993.7892135587861,1.1312478832521051,0.9934341928293932
rwkv,128,normal,breakingupintheageofgoogle,1004.0163093903441,1.1414186022666042,0.9920258664056423
rwkv,128,normal,buck,987.4677487479817,1.106547453721304,0.9962205354438707
rwkv,128,normal,catfishingstrangerstofindmyself,978.8215242702327,1.110143901676432,0.9956791469100971
rwkv,128,normal,cautioneating,1009.3377208572107,1.127508639364214,0.9965268834705655
rwkv,128,normal,christmas1940,1005.6671373397356,1.1202862696337077,0.997080452910052
rwkv,128,normal,cocoonoflove,1003.1921538151316,1.1407466901204222,0.9933324193980685
rwkv,128,normal,comingofageondeathrow,995.6048162149663,1.1579544893750133,0.9928049388856557
rwkv,128,normal,exorcism,1010.2147653603987,1.197670326010373,0.9904750787551604
rwkv,128,normal,eyespy,997.9139039877282,1.14201832766046,0.9938333418155366
rwkv,128,normal,firetestforlove,1014.355561627889,1.1662363087654772,0.9940883216701492
rwkv,128,normal,food,994.9118298827823,1.1496931043144227,0.993706148326114
rwkv,128,normal,forgettingfear,983.1718571454867,1.1311672711545502,0.9962248232239423
rwkv,128,normal,fromboyhoodtofatherhood,1000.0941542400745,1.2312548083118322,0.9901770669492844
rwkv,128,normal,gangstersandcookies,1006.4075740821851,1.195456296523403,0.9939709038502239
rwkv,128,normal,goingthelibertyway,1011.3756651752433,1.1860025739669193,0.991123471680526
rwkv,128,normal,goldiethegoldfish,991.2074573145085,1.126952419390743,0.9952889261100996
rwkv,128,normal,golfclubbing,998.2963159419567,1.1401664157085647,0.9974722823922175
rwkv,128,normal,gpsformylostidentity,982.0055626696012,1.169305927031223,0.9927044710328581
rwkv,128,normal,hangtime,1012.7454741719096,1.1848352567293945,0.9936539158791502
rwkv,128,normal,haveyoumethimyet,991.4957099808527,1.1083168068797766,0.9937601924696027
rwkv,128,normal,howtodraw,995.854035971241,1.1511030065454393,0.9932226299984824
rwkv,128,normal,ifthishaircouldtalk,1012.291224575015,1.1372940169476788,0.9960465150745463
rwkv,128,normal,inamoment,1001.8700477716413,1.113477571971301,0.9983045515060542
rwkv,128,normal,itsabox,1010.0049208737498,1.1375172389297863,0.9947767117268826
rwkv,128,normal,jugglingandjesus,981.7707748745979,1.0727830307082178,0.9992196199365553
rwkv,128,normal,kiksuya,1007.0145025216203,1.1666082780393425,0.9929946950815142
rwkv,128,normal,leavingbaghdad,1005.1970215025312,1.170699554894214,0.9934721862270891
rwkv,128,normal,legacy,1010.9599778375066,1.0899410289715328,0.9962388688115432
rwkv,128,normal,life,1009.0172516676611,1.115454804824634,0.9944130091669047
rwkv,128,normal,lifeanddeathontheoregontrail,993.6060862048726,1.1312818051709987,0.994070515950833
rwkv,128,normal,lifereimagined,1002.8091358474126,1.1373892501111156,0.994992087367746
rwkv,128,normal,listo,1018.541991787676,1.1878962274706564,0.992969472578537
rwkv,128,normal,mayorofthefreaks,1011.7234109833723,1.151151196006256,0.9925191981771844
rwkv,128,normal,metsmagic,988.7049989833364,1.1672532688424508,0.9956868494154961
rwkv,128,normal,mybackseatviewofagreatromance,971.4184705646576,1.1600747557912188,0.9918460372735707
rwkv,128,normal,myfathershands,1004.3402042315063,1.1230799658664972,0.99883831022609
rwkv,128,normal,myfirstdaywiththeyankees,994.4659996809725,1.2009359335634813,0.9913182248964549
rwkv,128,normal,naked,1011.8592313293941,1.1585428713006858,0.9925084473278155
rwkv,128,normal,notontheusualtour,988.1470087213987,1.1227705482214785,0.9970326525829754
rwkv,128,normal,odetostepfather,1006.2409097348515,1.1322256210747033,0.9942221683290994
rwkv,128,normal,onlyonewaytofindout,1003.0540475622993,1.1116371201747075,0.9953857908161481
rwkv,128,normal,penpal,995.4896300404935,1.1849328249152975,0.9942861781036793
rwkv,128,normal,quietfire,994.4242963061249,1.2203451737453366,0.9893303997665984
rwkv,128,normal,reachingoutbetweenthebars,982.5735789356404,1.1056207542016203,0.9961740042473142
rwkv,128,normal,shoppinginchina,990.0959352794036,1.1307390294644362,0.994185686007533
rwkv,128,normal,singlewomanseekingmanwich,971.7096886815998,1.1352205106957745,0.9949792793388845
rwkv,128,normal,sloth,997.2524637646148,1.1187297040605964,0.9943079686319294
rwkv,128,normal,souls,1001.9446343109413,1.1322828487334267,0.9942518095339801
rwkv,128,normal,stagefright,1015.5741695919675,1.1639512454644105,0.9946398091001254
rwkv,128,normal,stumblinginthedark,1005.9334660647456,1.1524365634010016,0.9918845118606205
rwkv,128,normal,superheroesjustforeachother,974.3131145612647,1.117746797621391,0.9953888991987001
rwkv,128,normal,sweetaspie,975.235051422411,1.0668851200812106,0.9998126605691393
rwkv,128,normal,swimmingwithastronauts,1000.399337203734,1.1233503392035025,0.9946745614783098
rwkv,128,normal,thatthingonmyarm,1008.4160323401467,1.1630752652898064,0.9929074326417945
rwkv,128,normal,theadvancedbeginner,1012.2404879774572,1.1004984965421747,0.9965560167257292
rwkv,128,normal,theclosetthatateeverything,1023.0761847064507,1.14053385266987,0.9948045961878188
rwkv,128,normal,thecurse,995.3310744450935,1.096387211518269,0.9955227684974566
rwkv,128,normal,thefreedomridersandme,1025.7350887081295,1.1697039019173676,0.9942889837240575
rwkv,128,normal,theinterview,1016.1229750359844,1.0972278491797944,0.9984042030775421
rwkv,128,normal,thepostmanalwayscalls,996.6816957292162,1.1293491270234557,0.9941384551818806
rwkv,128,normal,theshower,1006.3234570503885,1.1356679650825008,0.9945035600133073
rwkv,128,normal,thetiniestbouquet,996.830502816671,1.0799643374095655,0.9992640240158898
rwkv,128,normal,thetriangleshirtwaistconnection,999.9756676012025,1.151257397012013,0.9972631219052132
rwkv,128,normal,threemonths,1021.0366814681072,1.1314666292584556,0.9951031184309425
rwkv,128,normal,thumbsup,1005.8650458556234,1.209458616982206,0.9895203476248011
rwkv,128,normal,tildeath,1009.9327216274421,1.1349487978217694,0.9947153589217891
rwkv,128,normal,treasureisland,999.8117841579,1.1252485499109868,0.9949562345952008
rwkv,128,normal,undertheinfluence,983.1547318729442,1.1228027695767562,0.9957165162796217
rwkv,128,normal,vixenandtheussr,996.9132600373761,1.193043499029862,0.9906790591817287
rwkv,128,normal,waitingtogo,999.9702046368375,1.1776520812164215,0.9925656752597971
rwkv,128,normal,whenmothersbullyback,976.9400097268735,1.1416479679656442,0.9940018999738581
rwkv,128,normal,wildwomenanddancingqueens,1014.3807778616218,1.143318346290445,0.9979304668078153
rwkv,128,ctx1,adollshouse,969.7625441277676,1.0281838576154876,0.999274939611881
rwkv,128,ctx1,adventuresinsayingyes,989.2176762953196,1.0527235354702285,0.997540248065973
rwkv,128,ctx1,afatherscover,974.9335375069465,1.03538125644104,0.9988149555133954
rwkv,128,ctx1,againstthewind,966.2261063803128,1.0276995137132658,0.9997845564780936
rwkv,128,ctx1,alternateithicatom,975.6775003711917,1.043702559810186,0.998240070444024
rwkv,128,ctx1,avatar,976.0118810579877,1.0288555652794245,0.9988696959605307
rwkv,128,ctx1,backsideofthestorm,954.0911180772378,1.0471261009609054,0.9980196423046458
rwkv,128,ctx1,becomingindian,972.4319035415406,1.0540012083463266,0.9974760124181178
rwkv,128,ctx1,beneaththemushroomcloud,977.028447395655,1.0448284795968112,0.9980600768661793
rwkv,128,ctx1,birthofanation,971.2133506935572,1.0461623567746945,0.9985851830581973
rwkv,128,ctx1,bluehope,978.6405556447866,1.0407425879473806,0.9980177950988922
rwkv,128,ctx1,breakingupintheageofgoogle,986.5770116312369,1.0457549436413869,0.9973478501224994
rwkv,128,ctx1,buck,961.2937798258688,1.0312037785266956,0.9987286127222982
rwkv,128,ctx1,catfishingstrangerstofindmyself,958.339860544145,1.0318332361442888,0.998789341525168
rwkv,128,ctx1,cautioneating,976.7394149062523,1.033268578928855,0.9989607080745572
rwkv,128,ctx1,christmas1940,965.2563103982346,1.0355938614331104,0.9990809079580597
rwkv,128,ctx1,cocoonoflove,975.5382281378334,1.0443918497801457,0.9978249179513513
rwkv,128,ctx1,comingofageondeathrow,982.8512093561264,1.0435814844625466,0.9981770841530869
rwkv,128,ctx1,exorcism,972.6007407990766,1.054929388415425,0.9971281772979814
rwkv,128,ctx1,eyespy,969.3771188830708,1.0407756840559754,0.9980082723748628
rwkv,128,ctx1,firetestforlove,982.8814601210931,1.0488627050600734,0.9981111954176115
rwkv,128,ctx1,food,966.9642395967765,1.0426804585292444,0.9980838236810355
rwkv,128,ctx1,forgettingfear,958.5701376958234,1.0402931572352891,0.9988828747255171
rwkv,128,ctx1,fromboyhoodtofatherhood,970.4943948411814,1.0708421672539192,0.9967691577576968
rwkv,128,ctx1,gangstersandcookies,964.4505931121628,1.0588742709432892,0.9981002389780227
rwkv,128,ctx1,goingthelibertyway,978.2502816251742,1.0616315621281769,0.9970390138235184
rwkv,128,ctx1,goldiethegoldfish,965.921208666866,1.035201723319009,0.9985801946868467
rwkv,128,ctx1,golfclubbing,958.3798910915012,1.0470419899887244,0.9990071864405647
rwkv,128,ctx1,gpsformylostidentity,971.6014668790066,1.0484527963523402,0.9980345565333221
rwkv,128,ctx1,hangtime,971.4732506599657,1.0585781020280518,0.9975126715212639
rwkv,128,ctx1,haveyoumethimyet,977.2925049051232,1.0341325946543343,0.9981900535119356
rwkv,128,ctx1,howtodraw,971.9653084409567,1.0478509264583507,0.9979372033893817
rwkv,128,ctx1,ifthishaircouldtalk,977.899281625283,1.0481550471072738,0.9985551708493361
rwkv,128,ctx1,inamoment,994.4894608702828,1.0347824539655888,0.9994866994659465
rwkv,128,ctx1,itsabox,966.9486009452692,1.036604102367021,0.9985512029101973
rwkv,128,ctx1,jugglingandjesus,966.5975286896197,1.023105574403312,0.9997347768044889
rwkv,128,ctx1,kiksuya,986.7981089119216,1.0463268022162937,0.9980645244654474
rwkv,128,ctx1,leavingbaghdad,970.731317125709,1.0471318311187188,0.9980120581727796
rwkv,128,ctx1,legacy,985.1161270005254,1.02958829538905,0.9987902507236225
rwkv,128,ctx1,life,988.4200404372468,1.0360861641242805,0.9982329883409566
rwkv,128,ctx1,lifeanddeathontheoregontrail,961.7788493702602,1.0457582725635914,0.998011939978706
rwkv,128,ctx1,lifereimagined,984.5762174326546,1.036125476612852,0.9985705258125124
rwkv,128,ctx1,listo,976.1840610553439,1.0572696746848302,0.9975788594471487
rwkv,128,ctx1,mayorofthefreaks,974.911250032083,1.0416067565721798,0.9977221816286721
rwkv,128,ctx1,metsmagic,977.013662739629,1.0529399552831245,0.9985880864911487
rwkv,128,ctx1,mybackseatviewofagreatromance,949.7967264813997,1.048804833808145,0.9976006659417417
rwkv,128,ctx1,myfathershands,963.382654204679,1.0352300303142934,0.9996016226846755
rwkv,128,ctx1,myfirstdaywiththeyankees,966.0414349552912,1.0634691568193764,0.9970693059555744
rwkv,128,ctx1,naked,966.4854608052196,1.0460751940668152,0.9975679092088106
rwkv,128,ctx1,notontheusualtour,983.7922450071989,1.0381501351872648,0.9990505584830746
rwkv,128,ctx1,odetostepfather,975.5153833916613,1.0456442105046553,0.9978192527982249
rwkv,128,ctx1,onlyonewaytofindout,978.587709759487,1.0312863356968136,0.9986807725377062
rwkv,128,ctx1,penpal,966.8909489235866,1.058186848391684,0.998164530342603
rwkv,128,ctx1,quietfire,957.5020101341134,1.061346049856496,0.9967463725932962
rwkv,128,ctx1,reachingoutbetweenthebars,954.6053801466194,1.031485776279903,0.998935117682826
rwkv,128,ctx1,shoppinginchina,978.8631283917939,1.0408338819347183,0.9983307293709347
rwkv,128,ctx1,singlewomanseekingmanwich,956.9873324316959,1.0355146481168263,0.9986445012384155
rwkv,128,ctx1,sloth,977.4477353923548,1.0340896445940855,0.9983188446952789
rwkv,128,ctx1,souls,988.5681397811719,1.04118478709817,0.9982539413820166
rwkv,128,ctx1,stagefright,980.3934901693376,1.0513100563816866,0.9982242970508306
rwkv,128,ctx1,stumblinginthedark,974.9590873864399,1.0454033443685675,0.9973738750970349
rwkv,128,ctx1,superheroesjustforeachother,946.3089222359481,1.0351317057641463,0.9987280874460613
rwkv,128,ctx1,sweetaspie,939.5213244810398,1.0228145620107472,0.999918219959295
rwkv,128,ctx1,swimmingwithastronauts,972.7109024108004,1.036977439292739,0.9983056996041342
rwkv,128,ctx1,thatthingonmyarm,976.7667462028322,1.0431847539938686,0.9977508985581375
rwkv,128,ctx1,theadvancedbeginner,976.5043228979845,1.0337273050502713,0.9987950832284798
rwkv,128,ctx1,theclosetthatateeverything,988.3824678252402,1.0427479319980184,0.9983773010688569
rwkv,128,ctx1,thecurse,978.4104438747952,1.0308135042660944,0.9985516407272804
rwkv,128,ctx1,thefreedomridersandme,982.3627690455039,1.0483200489847864,0.997988668308817
rwkv,128,ctx1,theinterview,969.5609201195883,1.0327478284426184,0.9993989815728579
rwkv,128,ctx1,thepostmanalwayscalls,965.9040896310399,1.0406608563134108,0.9980186477488188
rwkv,128,ctx1,theshower,961.8445839534974,1.0445920702842901,0.9979863699914789
rwkv,128,ctx1,thetiniestbouquet,972.8344980787754,1.0278644268844634,0.9997196766093638
rwkv,128,ctx1,thetriangleshirtwaistconnection,967.3288173847164,1.044686972269613,0.9991178029542124
rwkv,128,ctx1,threemonths,985.3143180845694,1.0364154686370315,0.9985875527381287
rwkv,128,ctx1,thumbsup,979.805419826724,1.0643598138247197,0.9964649511357586
rwkv,128,ctx1,tildeath,978.3709992815826,1.0439276433260873,0.998304620013948
rwkv,128,ctx1,treasureisland,979.0948486587627,1.0364220198999508,0.998483542261042
rwkv,128,ctx1,undertheinfluence,977.5512238906749,1.036322075871469,0.9988188949783571
rwkv,128,ctx1,vixenandtheussr,958.8715404948098,1.056506422271102,0.9971464830497315
rwkv,128,ctx1,waitingtogo,968.5942645365199,1.0564885255628564,0.9976016439163689
rwkv,128,ctx1,whenmothersbullyback,962.4555702127024,1.0437125620188221,0.998206952220687
rwkv,128,ctx1,wildwomenanddancingqueens,975.8965938146788,1.046415369923488,0.9991903572012076
mamba,8,normal,adollshouse,69.54383960767407,1.9263527904410025,0.9776113100432555
mamba,8,normal,adventuresinsayingyes,69.94327908530249,2.97447764905016,0.9261308920405055
mamba,8,normal,afatherscover,70.06257668575154,2.575932775051537,0.9545347017442193
mamba,8,normal,againstthewind,68.82477371695711,2.006246043255899,0.9925825346192282
mamba,8,normal,alternateithicatom,69.96065363672156,2.611465833200918,0.9439636904918145
mamba,8,normal,avatar,69.60871354596372,2.085470160805938,0.9566112268423048
mamba,8,normal,backsideofthestorm,69.77501717883226,2.9516300564774527,0.9385270551368843
mamba,8,normal,becomingindian,70.49450879707777,3.2900222810719737,0.9266099486256699
mamba,8,normal,beneaththemushroomcloud,69.11360044312488,3.245454971233488,0.9306313216556619
mamba,8,normal,birthofanation,68.77858307111671,2.8781692831838543,0.9492171372298313
mamba,8,normal,bluehope,68.42998072043346,2.7216448147298844,0.9280447022063165
mamba,8,normal,breakingupintheageofgoogle,70.00121956833527,2.631930185231759,0.9266190303027949
mamba,8,normal,buck,68.42300120958642,2.2103523240453193,0.9559993617914987
mamba,8,normal,catfishingstrangerstofindmyself,69.21283563631349,2.2736428288012154,0.9531111705191905
mamba,8,normal,cautioneating,69.51374135489591,2.221947124229385,0.9609855983935156
mamba,8,normal,christmas1940,70.31494226295985,2.45114259885341,0.9670470427326738
mamba,8,normal,cocoonoflove,68.63897115612977,2.6332251797047697,0.9315701252749948
mamba,8,normal,comingofageondeathrow,69.54674360168968,2.789305857643848,0.933876691620244
mamba,8,normal,exorcism,70.03214780753524,3.1490393843086637,0.9184978009695226
mamba,8,normal,eyespy,69.95435514340573,2.698489065124836,0.9382612329610366
mamba,8,normal,firetestforlove,70.38773070993416,2.813238454567177,0.9451992874566806
mamba,8,normal,food,68.89672902347787,2.6140030994489782,0.9364712846854701
mamba,8,normal,forgettingfear,68.54753550401567,2.6013276248824537,0.9595194389685276
mamba,8,normal,fromboyhoodtofatherhood,68.86173831837723,3.72463956323325,0.920851939380172
mamba,8,normal,gangstersandcookies,70.19849096803121,3.39016192426468,0.9445485653052514
mamba,8,normal,goingthelibertyway,69.83663233274534,3.3412386598110775,0.9229684554010248
mamba,8,normal,goldiethegoldfish,69.26110314248677,2.447476053816137,0.9479041823830658
mamba,8,normal,golfclubbing,69.57977145202666,2.6945318040276245,0.9735149882340185
mamba,8,normal,gpsformylostidentity,68.67523454066801,3.043837721425025,0.933372922549098
mamba,8,normal,hangtime,69.95320618850785,3.16467163383913,0.9393000917849045
mamba,8,normal,haveyoumethimyet,69.62287482330217,2.224013761473365,0.9380211820846486
mamba,8,normal,howtodraw,69.69702424482625,2.873044253721931,0.9323581598326077
mamba,8,normal,ifthishaircouldtalk,70.76764198937823,2.705912958664685,0.9571223531479757
mamba,8,normal,inamoment,70.424793899131,2.265630733516486,0.9812892687147893
mamba,8,normal,itsabox,70.68223615158328,2.460649898637446,0.9493056460536109
mamba,8,normal,jugglingandjesus,69.46533296562075,1.9332825071525277,0.9885400257272459
mamba,8,normal,kiksuya,69.42763171115463,3.057635260636411,0.9330756712946674
mamba,8,normal,leavingbaghdad,70.02450219852527,2.896907678853333,0.938643737009674
mamba,8,normal,legacy,70.18441319442337,2.012490905622632,0.9559432285239902
mamba,8,normal,life,69.87824563763081,2.3293335369279644,0.9414318373815714
mamba,8,normal,lifeanddeathontheoregontrail,69.29911916316124,2.5518761158959133,0.9413657094759829
mamba,8,normal,lifereimagined,70.20642906015382,2.4901999514659643,0.9495934913706368
mamba,8,normal,listo,70.15800810947921,2.990183591028396,0.9395488600233223
mamba,8,normal,mayorofthefreaks,69.84280127895858,2.545703389853812,0.9318157804637464
mamba,8,normal,metsmagic,69.44712376287976,3.0177854878929056,0.9593525112220559
mamba,8,normal,mybackseatviewofagreatromance,68.80809318061569,3.1162833360704676,0.9222788385834474
mamba,8,normal,myfathershands,70.86458292403817,2.3502098252742725,0.9863201740231669
mamba,8,normal,myfirstdaywiththeyankees,68.96019284555464,3.3046428582490024,0.9296867708996158
mamba,8,normal,naked,70.06591656603099,2.668304500157547,0.9345859540872925
mamba,8,normal,notontheusualtour,69.22457680505833,2.4841038657449617,0.9674585148635665
mamba,8,normal,odetostepfather,69.65559995844689,2.4220065284405923,0.945538354357361
mamba,8,normal,onlyonewaytofindout,69.04339440254248,2.204318585625813,0.9499189237255448
mamba,8,normal,penpal,69.95037448994488,3.162811328399756,0.9485090596241144
mamba,8,normal,quietfire,70.96706769999483,3.81065976878218,0.9115926396109753
mamba,8,normal,reachingoutbetweenthebars,69.30897607102577,2.2176358200946886,0.9593837429444584
mamba,8,normal,shoppinginchina,69.30173119797827,2.5683546208830212,0.9415251750796338
mamba,8,normal,singlewomanseekingmanwich,68.8039392593619,2.593453315399785,0.9503549963122404
mamba,8,normal,sloth,69.38901942153318,2.2545124029762036,0.939115221272438
mamba,8,normal,souls,69.84399359820759,2.5281739057599077,0.940530982030157
mamba,8,normal,stagefright,70.39095556331189,2.8231402391677913,0.9509964801180752
mamba,8,normal,stumblinginthedark,69.74458244965187,2.7234191453597267,0.9228681019780693
mamba,8,normal,superheroesjustforeachother,69.85822438754079,2.3771520726743214,0.9515441001709878
mamba,8,normal,sweetaspie,68.27570362465131,1.8177409791478945,0.997276251314139
mamba,8,normal,swimmingwithastronauts,69.51108188439143,2.3685686753116517,0.9451595864325021
mamba,8,normal,thatthingonmyarm,69.50948436277524,2.8086278983059154,0.930311766129491
mamba,8,normal,theadvancedbeginner,69.67334596392706,2.135226593809037,0.9600744726189533
mamba,8,normal,theclosetthatateeverything,69.9368370001138,2.6642454166291154,0.946689268031287
mamba,8,normal,thecurse,70.07873172110658,2.1363362305789066,0.9501999435515327
mamba,8,normal,thefreedomridersandme,70.80788105361674,2.925519564885774,0.9466604205183593
mamba,8,normal,theinterview,69.93722978380484,2.044130551228586,0.9810335685265033
mamba,8,normal,thepostmanalwayscalls,68.90185614999811,2.4408684949027775,0.9409612123836874
mamba,8,normal,theshower,70.05769954057327,2.7863826797413034,0.9383687926841463
mamba,8,normal,thetiniestbouquet,69.12557246591268,1.8960250456940875,0.990060044464466
mamba,8,normal,thetriangleshirtwaistconnection,68.7505831135869,2.6093287452964353,0.9714769126487945
mamba,8,normal,threemonths,71.12591154225885,2.354349901797123,0.9538279427692119
mamba,8,normal,thumbsup,69.55338628990158,3.8132063486028587,0.9103425263724431
mamba,8,normal,tildeath,69.88870751271656,2.50048751157075,0.9487683005456856
mamba,8,normal,treasureisland,69.67458496255158,2.4008539973292913,0.9471140565115672
mamba,8,normal,undertheinfluence,68.97158793572068,2.4415858656687837,0.9540324578839996
mamba,8,normal,vixenandtheussr,69.3416510168004,3.4318807828575157,0.916942263784719
mamba,8,normal,waitingtogo,69.70007852409114,3.239954968578529,0.9288965974933048
mamba,8,normal,whenmothersbullyback,69.14515120355969,2.9782868077457114,0.9371604333944911
mamba,8,normal,wildwomenanddancingqueens,69.71091341935144,2.6286060749403006,0.9785601769477137
mamba,8,ctx1,adollshouse,64.67714693198843,1.4030687826170418,0.9844565454281043
mamba,8,ctx1,adventuresinsayingyes,65.00480970486873,1.8771249339241975,0.9524607023652789
mamba,8,ctx1,afatherscover,65.56831515031155,1.6880282229075094,0.9713408857082516
mamba,8,ctx1,againstthewind,64.6826844058782,1.4343811430706828,0.9948403933439309
mamba,8,ctx1,alternateithicatom,64.77246951416349,1.7284735450930717,0.964328497206228
mamba,8,ctx1,avatar,65.59240685562918,1.5044038445249284,0.9732610060179118
mamba,8,ctx1,backsideofthestorm,64.99361462733359,1.7849490988306598,0.9614930010306669
mamba,8,ctx1,becomingindian,65.95915653627468,1.8625692924104509,0.9529824317040839
mamba,8,ctx1,beneaththemushroomcloud,66.26066138734836,1.9134287064503834,0.9586430603251034
mamba,8,ctx1,birthofanation,66.27341594435185,1.908675878012371,0.9693678969035243
mamba,8,ctx1,bluehope,65.72005773979,1.8404449223400081,0.958445837930301
mamba,8,ctx1,breakingupintheageofgoogle,65.1160525519112,1.681480747459653,0.9515640725389516
mamba,8,ctx1,buck,63.55504324319281,1.5146097419409057,0.9724507640275545
mamba,8,ctx1,catfishingstrangerstofindmyself,65.68093311297358,1.6254102246938904,0.9723779943863359
mamba,8,ctx1,cautioneating,65.09301912487149,1.548209735877999,0.9762045073672263
mamba,8,ctx1,christmas1940,66.10732964074542,1.6071688759050222,0.978691786557877
mamba,8,ctx1,cocoonoflove,65.18048160843928,1.7992435782177467,0.9563983892492147
mamba,8,ctx1,comingofageondeathrow,65.01373291185027,1.7623822947492693,0.9612814332620668
mamba,8,ctx1,exorcism,66.11937728300977,1.919467129483423,0.9484453473525493
mamba,8,ctx1,eyespy,65.32441282011825,1.6961961662238185,0.9601860063925031
mamba,8,ctx1,firetestforlove,65.78326243629098,1.8026073897608301,0.9638919050632402
mamba,8,ctx1,food,64.54374633117519,1.7319528712885535,0.9590564693513367
mamba,8,ctx1,forgettingfear,65.55755130320057,1.7893127267066653,0.9756524364071778
mamba,8,ctx1,fromboyhoodtofatherhood,64.76516205949964,2.0900237663535077,0.9479535670212139
mamba,8,ctx1,gangstersandcookies,66.01432964622941,1.9614115343473988,0.9640194327699249
mamba,8,ctx1,goingthelibertyway,65.59628134977655,2.0282330293985655,0.9485901656665969
mamba,8,ctx1,goldiethegoldfish,64.71486564063648,1.6157725229131095,0.9680640126242595
mamba,8,ctx1,golfclubbing,63.75027976740351,1.743500322838496,0.9799299363193494
mamba,8,ctx1,gpsformylostidentity,65.72739128928468,1.8618504623410843,0.9577996502413758
mamba,8,ctx1,hangtime,64.6550905717412,1.9821306480365017,0.956127747625844
mamba,8,ctx1,haveyoumethimyet,64.72166531646596,1.4914096098724121,0.964989162516503
mamba,8,ctx1,howtodraw,65.72176329148118,1.8248931666429888,0.9585379357083958
mamba,8,ctx1,ifthishaircouldtalk,66.14710925757633,1.8215766591715832,0.9712821593843379
mamba,8,ctx1,inamoment,66.47317053011221,1.669871396668013,0.9876107443059436
mamba,8,ctx1,itsabox,65.05762439042516,1.6081217418135212,0.9676253152418252
mamba,8,ctx1,jugglingandjesus,64.13075589635768,1.3868912370416013,0.9928691909873735
mamba,8,ctx1,kiksuya,65.82627948206319,1.8856293707897511,0.9601652132099314
mamba,8,ctx1,leavingbaghdad,65.06886325633624,1.7590305727742883,0.9619830675907005
mamba,8,ctx1,legacy,65.64394202860136,1.5010217805359813,0.9719378827820527
mamba,8,ctx1,life,64.77979364793954,1.6120924518135176,0.9627870969481749
mamba,8,ctx1,lifeanddeathontheoregontrail,64.81337968532999,1.7213507093412121,0.9629723009774899
mamba,8,ctx1,lifereimagined,64.98314941581955,1.7079455403199035,0.968525172113321
mamba,8,ctx1,listo,65.3851015992829,1.8493410892708217,0.9560683283397721
mamba,8,ctx1,mayorofthefreaks,65.0645529693611,1.619579116898797,0.9576948180283353
mamba,8,ctx1,metsmagic,65.2576855108742,1.8247006428959516,0.9712971076581157
mamba,8,ctx1,mybackseatviewofagreatromance,65.10683735550995,1.9335038554834738,0.9520861868561089
mamba,8,ctx1,myfathershands,65.72488079487519,1.5858371015858683,0.9903332302685239
mamba,8,ctx1,myfirstdaywiththeyankees,64.54423484587502,1.993459731253154,0.9509130608240328
mamba,8,ctx1,naked,64.41416875910942,1.6568772002027488,0.9583155146402597
mamba,8,ctx1,notontheusualtour,65.6937918111102,1.6724485487128895,0.9785875709533335
mamba,8,ctx1,odetostepfather,64.5791165939147,1.6785970384719953,0.9618855143360682
mamba,8,ctx1,onlyonewaytofindout,65.90594589787977,1.5835899147347972,0.9706117460753144
mamba,8,ctx1,penpal,65.13070417725916,1.9371180262746615,0.9640299528399446
mamba,8,ctx1,quietfire,65.2697967562489,2.145795458893056,0.9382553074145276
mamba,8,ctx1,reachingoutbetweenthebars,65.76261104962265,1.5634304062180007,0.9760432177645137
mamba,8,ctx1,shoppinginchina,65.94360116730263,1.7501665341179529,0.965227680464882
mamba,8,ctx1,singlewomanseekingmanwich,64.7612573367145,1.6089865973192339,0.9702314145165433
mamba,8,ctx1,sloth,65.08999515127384,1.5541098879507242,0.9651690642612045
mamba,8,ctx1,souls,65.57821224875718,1.6829117736054635,0.9640451060027952
mamba,8,ctx1,stagefright,65.3655205078928,1.742519728717737,0.9670263288201101
mamba,8,ctx1,stumblinginthedark,65.3185243666724,1.8371403323262472,0.950658800163535
mamba,8,ctx1,superheroesjustforeachother,66.24574566875972,1.637648721037279,0.9708238096163446
mamba,8,ctx1,sweetaspie,66.4777085056947,1.412046178822372,0.997784326197875
mamba,8,ctx1,swimmingwithastronauts,64.86433389070697,1.6243280799711026,0.9644597374608812
mamba,8,ctx1,thatthingonmyarm,64.99373143774713,1.7813629876537007,0.9535782097568687
mamba,8,ctx1,theadvancedbeginner,65.14128337838652,1.5310389922845138,0.9737793937940177
mamba,8,ctx1,theclosetthatateeverything,64.91877893098246,1.668307637126383,0.9652397611301717
mamba,8,ctx1,thecurse,65.51801763957167,1.5138649472189853,0.9692349887605484
mamba,8,ctx1,thefreedomridersandme,65.72656462090274,1.8956878138028408,0.9608933088767034
mamba,8,ctx1,theinterview,64.99904481614375,1.5092564618973614,0.9864524384321872
mamba,8,ctx1,thepostmanalwayscalls,64.23435900598966,1.6881625067910992,0.9610094808059947
mamba,8,ctx1,theshower,65.79729115834097,1.8573802569876348,0.9568914828156112
mamba,8,ctx1,thetiniestbouquet,64.91476466402887,1.4158153928668415,0.9929775057469342
mamba,8,ctx1,thetriangleshirtwaistconnection,64.82898805986156,1.674840802175511,0.9811715404218899
mamba,8,ctx1,threemonths,65.72829694594162,1.5353860197238407,0.9711475559810165
mamba,8,ctx1,thumbsup,65.79467940495653,2.210393972305246,0.9415599057326198
mamba,8,ctx1,tildeath,64.80839580449025,1.640500748228663,0.9662534695431938
mamba,8,ctx1,treasureisland,65.23275978473806,1.6304618106291953,0.966582308996643
mamba,8,ctx1,undertheinfluence,66.14291556952455,1.6314350526761798,0.9732092383273062
mamba,8,ctx1,vixenandtheussr,64.79155911445275,2.0334946676463272,0.9461660969392501
mamba,8,ctx1,waitingtogo,66.01948356783092,2.0126215882676934,0.9530458558047625
mamba,8,ctx1,whenmothersbullyback,65.28968679196045,1.9180865482179854,0.9592818285868363
mamba,8,ctx1,wildwomenanddancingqueens,65.22154796261316,1.794300574680816,0.9837190899679371
mamba,128,normal,adollshouse,74.56144011249275,2.157739448032994,0.9770792706456253
mamba,128,normal,adventuresinsayingyes,72.79445327015469,3.764132630921946,0.9198153222558764
mamba,128,normal,afatherscover,73.00168631034563,3.006692914990813,0.9525685250576897
mamba,128,normal,againstthewind,71.81110461447827,2.3035507964544246,0.9923138774547668
mamba,128,normal,alternateithicatom,73.02476391783367,3.1821460162484665,0.9390140811525928
mamba,128,normal,avatar,73.05775599682991,2.3094938721505107,0.9551452633736075
mamba,128,normal,backsideofthestorm,72.56460317034,3.708453959144795,0.9335088435182377
mamba,128,normal,becomingindian,74.32856325210405,4.328819707736927,0.9210089326531401
mamba,128,normal,beneaththemushroomcloud,71.91944258407003,4.266343491383101,0.9241471934058592
mamba,128,normal,birthofanation,72.23398101359581,3.6048074492701154,0.9470688322008612
mamba,128,normal,bluehope,70.96411490196796,3.1177918039093186,0.9258441567688038
mamba,128,normal,breakingupintheageofgoogle,73.64248098155477,3.2090620279220388,0.9193788049210908
mamba,128,normal,buck,71.23219613546878,2.552437016757469,0.9540436410306697
mamba,128,normal,catfishingstrangerstofindmyself,70.9848694036637,2.6847679367299633,0.9493112861295921
mamba,128,normal,cautioneating,72.74811842415671,2.5977676294727368,0.9600534246143767
mamba,128,normal,christmas1940,72.9144209134319,2.9427542752335434,0.9646255429958512
mamba,128,normal,cocoonoflove,72.87965855661723,3.054397321686577,0.9288043540561807
mamba,128,normal,comingofageondeathrow,72.05736639076179,3.578545272374084,0.9267365013060697
mamba,128,normal,exorcism,74.60733411120889,4.126814719862294,0.9107953644094785
mamba,128,normal,eyespy,73.26235940119454,3.1920832023012826,0.935501940150478
mamba,128,normal,firetestforlove,75.43741687217161,3.519825140232694,0.9419155929850681
mamba,128,normal,food,71.79241362168804,3.0618720264722334,0.9338852703917073
mamba,128,normal,forgettingfear,71.39049363186645,3.0645385737902857,0.956924778661316
mamba,128,normal,fromboyhoodtofatherhood,72.7309954501434,4.930512044169536,0.9154812433881822
mamba,128,normal,gangstersandcookies,73.18842136427205,4.28071962835631,0.9425211415774131
mamba,128,normal,goingthelibertyway,73.35386043864322,4.365596846540458,0.9168598824777165
mamba,128,normal,goldiethegoldfish,71.97295170322518,2.841891520915433,0.9468182628233438
mamba,128,normal,golfclubbing,73.67624118338031,3.02771512061283,0.9734511722533911
mamba,128,normal,gpsformylostidentity,70.37902958565849,3.8729015275009195,0.9276081448391134
mamba,128,normal,hangtime,73.60917422289998,3.7455650100024203,0.939891713294753
mamba,128,normal,haveyoumethimyet,71.96589519672611,2.6796088544845875,0.929255586371026
mamba,128,normal,howtodraw,72.53481597820632,3.5630996506098906,0.9274665135647909
mamba,128,normal,ifthishaircouldtalk,75.15524401017124,3.1855154133881225,0.9571237424676161
mamba,128,normal,inamoment,73.77020938944725,2.8267033209970016,0.9788942605181705
mamba,128,normal,itsabox,74.0421020545267,3.0788161205588835,0.9448936826627278
mamba,128,normal,jugglingandjesus,71.58969952713029,2.1878499108950344,0.987635523923392
mamba,128,normal,kiksuya,71.81734464359744,3.8942968330178207,0.9282670641469668
mamba,128,normal,leavingbaghdad,73.80385868042359,3.5857165165526403,0.9365523343116811
mamba,128,normal,legacy,74.23481425986154,2.265483292214139,0.9539304554039096
mamba,128,normal,life,72.94986666497553,2.7482892898082736,0.9372298323321963
mamba,128,normal,lifeanddeathontheoregontrail,72.89229852170881,3.047527333485807,0.9367090464078707
mamba,128,normal,lifereimagined,73.67763268764955,3.144349705559932,0.9452790899180229
mamba,128,normal,listo,74.52301110738333,3.780751791229382,0.9374601088973454
mamba,128,normal,mayorofthefreaks,73.01576359817592,3.2798642064920607,0.9245832470078253
mamba,128,normal,metsmagic,72.83575218026286,3.8908380725649536,0.9552815480377679
mamba,128,normal,mybackseatviewofagreatromance,70.73697636658422,3.9528750993566697,0.9151084794518588
mamba,128,normal,myfathershands,74.28896381690268,2.853094586227351,0.9861876803907413
mamba,128,normal,myfirstdaywiththeyankees,72.48837553444352,4.27776193734073,0.9234461717287298
mamba,128,normal,naked,73.24164462539875,3.3281702133619158,0.9278301101848271
mamba,128,normal,notontheusualtour,72.42517249537276,2.9310278339911773,0.9649985651204752
mamba,128,normal,odetostepfather,73.76960357206693,2.8256628816698575,0.9413871461339752
mamba,128,normal,onlyonewaytofindout,72.60632002883592,2.7179756383828595,0.9457894415992403
mamba,128,normal,penpal,72.90210768782157,3.9605192156432687,0.9453255939685058
mamba,128,normal,quietfire,73.32651062161749,4.826634237274575,0.906572304758222
mamba,128,normal,reachingoutbetweenthebars,71.2021361798146,2.556191131431995,0.9561207695614061
mamba,128,normal,shoppinginchina,72.52640268803242,3.127069755144678,0.9355645489460064
mamba,128,normal,singlewomanseekingmanwich,69.86390193072455,3.110120873606514,0.9455528140611259
mamba,128,normal,sloth,72.64586257747531,2.760395907586554,0.9332991699668308
mamba,128,normal,souls,72.65413408824406,3.151285852115826,0.9356079619774684
mamba,128,normal,stagefright,74.55465273160328,3.5777390032404615,0.947429148638787
mamba,128,normal,stumblinginthedark,73.10421606526221,3.3061512713297456,0.919138543610354
mamba,128,normal,superheroesjustforeachother,71.56836056090117,2.852682580612835,0.9467492295069523
mamba,128,normal,sweetaspie,71.25229522108215,1.98777957864194,0.9970205780795787
mamba,128,normal,swimmingwithastronauts,72.75984332610341,2.8720622851510362,0.9401306972297964
mamba,128,normal,thatthingonmyarm,74.01710427720886,3.408949573865089,0.9278660898251935
mamba,128,normal,theadvancedbeginner,73.4144843196607,2.4802796877694533,0.9579528625820956
mamba,128,normal,theclosetthatateeverything,74.12392293901229,3.2563283536590406,0.9441809578976585
mamba,128,normal,thecurse,73.32476584873982,2.4760116927828757,0.9456515820097242
mamba,128,normal,thefreedomridersandme,75.33282711343435,3.692125501325461,0.943429827011937
mamba,128,normal,theinterview,76.06609548474243,2.362648107284152,0.9805567451213106
mamba,128,normal,thepostmanalwayscalls,73.13059102894658,2.9931126194066247,0.9356594697460819
mamba,128,normal,theshower,74.96752478939439,3.1353642280462375,0.9402270831931973
mamba,128,normal,thetiniestbouquet,71.94557109054813,2.119446683409349,0.9896578996692121
mamba,128,normal,thetriangleshirtwaistconnection,72.40341379896617,3.2784390396993386,0.9698581052515429
mamba,128,normal,threemonths,74.37620857613706,2.8635996892718216,0.9505480012230483
mamba,128,normal,thumbsup,73.3833734229278,4.541401465439985,0.9086831538493904
mamba,128,normal,tildeath,73.5574766178189,3.0079673747635525,0.9444903631466147
mamba,128,normal,treasureisland,73.82544058274539,2.909733835473882,0.9440487464642315
mamba,128,normal,undertheinfluence,71.68120404218475,2.8811105746456516,0.951477944217986
mamba,128,normal,vixenandtheussr,72.47425879621112,4.522712583316606,0.9112105716784115
mamba,128,normal,waitingtogo,73.21581066620395,3.9758074069197504,0.9284444052107226
mamba,128,normal,whenmothersbullyback,71.03983987949364,3.531211396365347,0.9344054309603652
mamba,128,normal,wildwomenanddancingqueens,73.90139176246124,3.16985332699385,0.9785243255553665
mamba,128,ctx1,adollshouse,72.0467245904641,1.332251960521094,0.9883623918705765
mamba,128,ctx1,adventuresinsayingyes,72.06976151191591,1.671741521918905,0.9622907174470533
mamba,128,ctx1,afatherscover,71.79771028443614,1.50675440456609,0.9775686050221786
mamba,128,ctx1,againstthewind,71.29106007272138,1.3488603757781976,0.9960904804041151
mamba,128,ctx1,alternateithicatom,70.86237063173198,1.5622662284872042,0.9718661825407466
mamba,128,ctx1,avatar,72.1567629397829,1.3940076763495632,0.9800123178077023
mamba,128,ctx1,backsideofthestorm,71.89496944149079,1.60840403130285,0.9688560126205668
mamba,128,ctx1,becomingindian,72.4012189401785,1.7211800310509038,0.9613486495882964
mamba,128,ctx1,beneaththemushroomcloud,72.04634426495805,1.682145784409503,0.9666055710847046
mamba,128,ctx1,birthofanation,71.53766276221081,1.6431989373443547,0.9752521445948036
mamba,128,ctx1,bluehope,69.83079267832831,1.5940104708211196,0.965824323031264
mamba,128,ctx1,breakingupintheageofgoogle,72.12248370405263,1.564766158809171,0.9602544077253369
mamba,128,ctx1,buck,70.61951753519207,1.4224424710997685,0.9779429605811087
mamba,128,ctx1,catfishingstrangerstofindmyself,71.85461014610968,1.4296297121240564,0.9785292710269232
mamba,128,ctx1,cautioneating,72.22324659168125,1.4469949956094879,0.981620975308224
mamba,128,ctx1,christmas1940,73.13160766814016,1.503210553016106,0.9829913516081238
mamba,128,ctx1,cocoonoflove,71.67689464162856,1.6131314175746339,0.9645685665076107
mamba,128,ctx1,comingofageondeathrow,71.26116797373965,1.600190542508668,0.9691900650359168
mamba,128,ctx1,exorcism,73.11750682088301,1.71799219427613,0.9574394951848826
mamba,128,ctx1,eyespy,71.5933139782862,1.5579243549120452,0.9685113037732372
mamba,128,ctx1,firetestforlove,73.30328546267899,1.625293589114091,0.9717656226325494
mamba,128,ctx1,food,71.43481805934965,1.5563793267906088,0.9684448492948068
mamba,128,ctx1,forgettingfear,70.50700305897684,1.5660636484030597,0.9802555412012387
mamba,128,ctx1,fromboyhoodtofatherhood,71.33573993955032,1.8881505499645912,0.9562579531126263
mamba,128,ctx1,gangstersandcookies,73.20673134500908,1.7403783885497803,0.9720407178589886
mamba,128,ctx1,goingthelibertyway,72.71509369285249,1.841020211759361,0.9574543710025094
mamba,128,ctx1,goldiethegoldfish,70.5793417847535,1.4719713378104384,0.9751059903285274
mamba,128,ctx1,golfclubbing,72.05932821745988,1.6100204361534496,0.9847649074850608
mamba,128,ctx1,gpsformylostidentity,71.26077823504758,1.6622318070455984,0.9678489654937353
mamba,128,ctx1,hangtime,72.29339534535987,1.7698357257485988,0.9654926874114346
mamba,128,ctx1,haveyoumethimyet,71.3934542365699,1.4084991443434787,0.9714172987661251
mamba,128,ctx1,howtodraw,71.36611791659237,1.629335285472088,0.9670169514752146
mamba,128,ctx1,ifthishaircouldtalk,72.79667139594025,1.6137003269778345,0.9775045762659572
mamba,128,ctx1,inamoment,73.58792606432822,1.4442996218947322,0.9902127556555398
mamba,128,ctx1,itsabox,73.4658297175106,1.478074297394929,0.9747927910923404
mamba,128,ctx1,jugglingandjesus,70.42934834608211,1.3023500496849747,0.9946805464384151
mamba,128,ctx1,kiksuya,72.30224721726135,1.6161583121076761,0.9682162489047181
mamba,128,ctx1,leavingbaghdad,72.15155370710164,1.6091448619716198,0.969330162095183
mamba,128,ctx1,legacy,72.6748651349693,1.379463956378366,0.9788945053031142
mamba,128,ctx1,life,71.4710177552365,1.46019073007059,0.9711937231422751
mamba,128,ctx1,lifeanddeathontheoregontrail,70.57813729348943,1.5439085860439752,0.9704870829985076
mamba,128,ctx1,lifereimagined,71.73477979400906,1.498431961284079,0.9746270570011403
mamba,128,ctx1,listo,72.69437659519176,1.7272327406035146,0.965140653301686
mamba,128,ctx1,mayorofthefreaks,72.19194145731603,1.4993853294025756,0.9661957174536216
mamba,128,ctx1,metsmagic,72.0952364568706,1.6760631493776321,0.9783850231198337
mamba,128,ctx1,mybackseatviewofagreatromance,71.97292255968289,1.7766460143644769,0.9602844428470139
mamba,128,ctx1,myfathershands,72.91810879748846,1.4618188070958384,0.9930320369442599
mamba,128,ctx1,myfirstdaywiththeyankees,71.62281924198233,1.7956572665984605,0.9586284066581914
mamba,128,ctx1,naked,72.24866566269378,1.5600098903554027,0.9651949488670679
mamba,128,ctx1,notontheusualtour,71.31726363338016,1.5019244852311806,0.9834699706943564
mamba,128,ctx1,odetostepfather,72.07409784277695,1.542526035687144,0.9696529177993305
mamba,128,ctx1,onlyonewaytofindout,71.85421260008468,1.4356620769366866,0.976969261384403
mamba,128,ctx1,penpal,72.7970645209638,1.755232192764601,0.9730799179483581
mamba,128,ctx1,quietfire,73.45811318923654,1.930209778124141,0.9494981650014062
mamba,128,ctx1,reachingoutbetweenthebars,71.41394103781974,1.4282925018135284,0.9807699954335639
mamba,128,ctx1,shoppinginchina,72.46999968367203,1.555974071115936,0.9720306809844793
mamba,128,ctx1,singlewomanseekingmanwich,70.67120336356972,1.4742546482825987,0.9770836872513484
mamba,128,ctx1,sloth,70.99572143160634,1.4250885220009033,0.9727346290089987
mamba,128,ctx1,souls,72.6315626251862,1.5066521827144714,0.9726554038442751
mamba,128,ctx1,stagefright,72.34610439857853,1.6041946028093967,0.9745870693881636
mamba,128,ctx1,stumblinginthedark,71.65743551226723,1.611062558391646,0.9599748773498342
mamba,128,ctx1,superheroesjustforeachother,71.74955448550321,1.5048245054299163,0.9764294810063726
mamba,128,ctx1,sweetaspie,71.65758629317695,1.3205553432687653,0.9982597594503825
mamba,128,ctx1,swimmingwithastronauts,70.95601830121824,1.503380349222595,0.9716566732330405
mamba,128,ctx1,thatthingonmyarm,72.12462144619371,1.6144018916377243,0.9633120801203191
mamba,128,ctx1,theadvancedbeginner,72.90095307264272,1.4147154140677147,0.9802606836392331
mamba,128,ctx1,theclosetthatateeverything,72.3128930876292,1.5762591550605956,0.9733578690515864
mamba,128,ctx1,thecurse,71.54397188286558,1.3922698601028252,0.9760517795828718
mamba,128,ctx1,thefreedomridersandme,72.40519817085146,1.6544460018613432,0.9699491912249187
mamba,128,ctx1,theinterview,73.41458081001291,1.4040434881824864,0.9900493554457565
mamba,128,ctx1,thepostmanalwayscalls,71.37722024297452,1.519337953849308,0.9688251636395145
mamba,128,ctx1,theshower,72.66485440156926,1.6631388155136766,0.9651801682905744
mamba,128,ctx1,thetiniestbouquet,71.8672341690699,1.3248044635319955,0.9950089933642517
mamba,128,ctx1,thetriangleshirtwaistconnection,71.16693580370818,1.5584066764792577,0.9854101172850062
mamba,128,ctx1,threemonths,73.00129734369753,1.43347532618256,0.9779003040271319
mamba,128,ctx1,thumbsup,71.93829567941783,1.9113495118209407,0.9502644773452935
mamba,128,ctx1,tildeath,72.44771642810275,1.553991894636761,0.9730925745114479
mamba,128,ctx1,treasureisland,71.14091564948824,1.4880595146634639,0.9739724941074994
mamba,128,ctx1,undertheinfluence,71.93367591963317,1.4826362514694853,0.9790162966604674
mamba,128,ctx1,vixenandtheussr,71.00078113003838,1.8269401460833574,0.9553204324311773
mamba,128,ctx1,waitingtogo,73.32988756335405,1.7658653453035786,0.9636759317683333
mamba,128,ctx1,whenmothersbullyback,71.87028238207745,1.7115929140804864,0.9678839174244064
mamba,128,ctx1,wildwomenanddancingqueens,72.28249655992644,1.5684012909296623,0.9879773508510774
