story,H,n_words,n_targets,origin_inclusion_rate,origin_inclusion_expected,form_repetition_rate
adollshouse,8,1656,1528,0.004581151832460733,0.004830917874396135,0.09882198952879581
adollshouse,32,1656,1528,0.01963350785340314,0.01932367149758454,0.2859947643979058
adollshouse,128,1656,1528,0.07329842931937172,0.07729468599033816,0.5615183246073299
adventuresinsayingyes,8,2309,2181,0.0032095369096744614,0.0034647033347769596,0.088491517652453
adventuresinsayingyes,32,2309,2181,0.01192113709307657,0.013858813339107838,0.24438331040806968
adventuresinsayingyes,128,2309,2181,0.05685465382851903,0.055435253356431353,0.48876662081613936
afatherscover,8,1182,1054,0.003795066413662239,0.00676818950930626,0.08349146110056926
afatherscover,32,1182,1054,0.020872865275142316,0.02707275803722504,0.24667931688804554
afatherscover,128,1182,1054,0.0967741935483871,0.10829103214890017,0.5047438330170778
againstthewind,8,838,710,0.005633802816901409,0.00954653937947494,0.06619718309859154
againstthewind,32,838,710,0.035211267605633804,0.03818615751789976,0.2323943661971831
againstthewind,128,838,710,0.12816901408450704,0.15274463007159905,0.5140845070422535
alternateithicatom,8,2174,2046,0.003421309872922776,0.0036798528058877645,0.09286412512218964
alternateithicatom,32,2174,2046,0.017595307917888565,0.014719411223551058,0.2536656891495601
alternateithicatom,128,2174,2046,0.06158357771260997,0.05887764489420423,0.47996089931573804
avatar,8,1469,1341,0.0044742729306487695,0.005445881552076242,0.087248322147651
avatar,32,1469,1341,0.024608501118568233,0.021783526208304968,0.25652498135719615
avatar,128,1469,1341,0.0790454884414616,0.08713410483321987,0.5070842654735273
backsideofthestorm,8,1964,1836,0.003812636165577342,0.004073319755600814,0.08714596949891068
backsideofthestorm,32,1964,1836,0.014705882352941176,0.016293279022403257,0.26034858387799564
backsideofthestorm,128,1964,1836,0.06535947712418301,0.06517311608961303,0.5005446623093682
becomingindian,8,2619,2491,0.0036130068245684463,0.0030546009927453228,0.10437575270975512
becomingindian,32,2619,2491,0.010437575270975512,0.012218403970981291,0.27498996386993174
becomingindian,128,2619,2491,0.05218787635487756,0.048873615883925164,0.4981934965877158
beneaththemushroomcloud,8,1916,1788,0.0039149888143176735,0.0041753653444676405,0.07606263982102908
beneaththemushroomcloud,32,1916,1788,0.019574944071588368,0.016701461377870562,0.23825503355704697
beneaththemushroomcloud,128,1916,1788,0.07158836689038031,0.06680584551148225,0.4837807606263982
birthofanation,8,1590,1462,0.006155950752393981,0.005031446540880503,0.10328317373461013
birthofanation,32,1590,1462,0.018467852257181942,0.02012578616352201,0.2708618331053352
birthofanation,128,1590,1462,0.07729138166894665,0.08050314465408805,0.5027359781121751
bluehope,8,1941,1813,0.00441257584114727,0.004121586810922205,0.06398234969663541
bluehope,32,1941,1813,0.01820187534473249,0.01648634724368882,0.2084942084942085
bluehope,128,1941,1813,0.06177606177606178,0.06594538897475528,0.46552675124103693
breakingupintheageofgoogle,8,3476,3348,0.002986857825567503,0.0023014959723820483,0.09348864994026285
breakingupintheageofgoogle,32,3476,3348,0.009259259259259259,0.009205983889528193,0.27180406212664276
breakingupintheageofgoogle,128,3476,3348,0.03136200716845878,0.03682393555811277,0.5080645161290323
buck,8,1677,1549,0.0032278889606197547,0.004770423375074538,0.07811491284699806
buck,32,1677,1549,0.016785022595222725,0.01908169350029815,0.22466107165913493
buck,128,1677,1549,0.08005164622336991,0.0763267740011926,0.4790187217559716
catfishingstrangerstofindmyself,8,1522,1394,0.00430416068866571,0.005256241787122208,0.07604017216642754
catfishingstrangerstofindmyself,32,1522,1394,0.03084648493543759,0.02102496714848883,0.23457675753228122
catfishingstrangerstofindmyself,128,1522,1394,0.10186513629842181,0.08409986859395532,0.45050215208034433
cautioneating,8,1587,1459,0.004797806716929404,0.005040957781978576,0.07607950651130911
cautioneating,32,1587,1459,0.013708019191226868,0.020163831127914304,0.23989033584647018
cautioneating,128,1587,1459,0.07813570938999315,0.08065532451165722,0.5126799177518848
christmas1940,8,1261,1133,0.00264783759929391,0.006344171292624901,0.08561341571050309
christmas1940,32,1261,1133,0.03265666372462489,0.025376685170499604,0.26654898499558694
christmas1940,128,1261,1133,0.10856134157105031,0.10150674068199841,0.5348631950573698
cocoonoflove,8,1984,1856,0.0026939655172413795,0.004032258064516129,0.09321120689655173
cocoonoflove,32,1984,1856,0.014547413793103448,0.016129032258064516,0.26023706896551724
cocoonoflove,128,1984,1856,0.04956896551724138,0.06451612903225806,0.4892241379310345
comingofageondeathrow,8,2212,2084,0.003838771593090211,0.003616636528028933,0.07773512476007678
comingofageondeathrow,32,2212,2084,0.012955854126679463,0.014466546112115732,0.2509596928982726
comingofageondeathrow,128,2212,2084,0.06381957773512476,0.05786618444846293,0.47456813819577737
exorcism,8,2949,2821,0.003544842254519674,0.0027127839945744322,0.10315490960652252
exorcism,32,2949,2821,0.009216589861751152,0.010851135978297729,0.27756114852889047
exorcism,128,2949,2821,0.03899326479971641,0.043404543913190916,0.5207373271889401
eyespy,8,2336,2208,0.0036231884057971015,0.003424657534246575,0.08288043478260869
eyespy,32,2336,2208,0.012681159420289856,0.0136986301369863,0.23007246376811594
eyespy,128,2336,2208,0.05344202898550725,0.0547945205479452,0.4519927536231884
firetestforlove,8,2286,2158,0.0027803521779425394,0.003499562554680665,0.09360518999073215
firetestforlove,32,2286,2158,0.012974976830398516,0.01399825021872266,0.27803521779425394
firetestforlove,128,2286,2158,0.05282669138090825,0.05599300087489064,0.5264133456904542
food,8,2064,1936,0.003615702479338843,0.003875968992248062,0.09194214876033058
food,32,2064,1936,0.00878099173553719,0.015503875968992248,0.24586776859504134
food,128,2064,1936,0.05630165289256198,0.06201550387596899,0.47107438016528924
forgettingfear,8,1240,1112,0.008093525179856115,0.0064516129032258064,0.07913669064748201
forgettingfear,32,1240,1112,0.015287769784172662,0.025806451612903226,0.21942446043165467
forgettingfear,128,1240,1112,0.10161870503597123,0.1032258064516129,0.47032374100719426
fromboyhoodtofatherhood,8,2755,2627,0.0015226494099733537,0.0029038112522686023,0.10392082223068139
fromboyhoodtofatherhood,32,2755,2627,0.011419870574800152,0.01161524500907441,0.2695089455652836
fromboyhoodtofatherhood,128,2755,2627,0.0426341834792539,0.04646098003629764,0.4918157594213932
gangstersandcookies,8,1547,1419,0.005637773079633545,0.005171299288946348,0.10923185341789993
gangstersandcookies,32,1547,1419,0.017618040873854827,0.02068519715578539,0.28047921071176884
gangstersandcookies,128,1547,1419,0.08386187455954898,0.08274078862314156,0.5355884425651868
goingthelibertyway,8,2471,2343,0.0038412291933418692,0.003237555645487657,0.10371318822023047
goingthelibertyway,32,2471,2343,0.01621852326077678,0.012950222581950627,0.29364063166880067
goingthelibertyway,128,2471,2343,0.0499359795134443,0.05180089032780251,0.5364916773367477
goldiethegoldfish,8,1680,1552,0.004510309278350515,0.004761904761904762,0.09278350515463918
goldiethegoldfish,32,1680,1552,0.019329896907216496,0.01904761904761905,0.25322164948453607
goldiethegoldfish,128,1680,1552,0.07216494845360824,0.0761904761904762,0.4677835051546392
golfclubbing,8,1211,1083,0.00554016620498615,0.006606110652353427,0.11172668513388735
golfclubbing,32,1211,1083,0.027700831024930747,0.026424442609413706,0.29732225300092335
golfclubbing,128,1211,1083,0.11542012927054478,0.10569777043765483,0.5743305632502308
gpsformylostidentity,8,1650,1522,0.005913272010512484,0.0048484848484848485,0.07555847568988174
gpsformylostidentity,32,1650,1522,0.023653088042049936,0.019393939393939394,0.23390275952693823
gpsformylostidentity,128,1650,1522,0.07752956636005257,0.07757575757575758,0.4645203679369251
hangtime,8,1927,1799,0.0038910505836575876,0.0041515308770108976,0.08893829905503058
hangtime,32,1927,1799,0.018343524180100056,0.01660612350804359,0.2595886603668705
hangtime,128,1927,1799,0.06003335186214564,0.06642449403217436,0.5113952195664258
haveyoumethimyet,8,2985,2857,0.0017500875043752187,0.002680067001675042,0.09730486524326216
haveyoumethimyet,32,2985,2857,0.009100455022751138,0.010720268006700168,0.2590129506475324
haveyoumethimyet,128,2985,2857,0.046202310115505775,0.04288107202680067,0.4697234861743087
howtodraw,8,1964,1836,0.0054466230936819175,0.004073319755600814,0.09041394335511982
howtodraw,32,1964,1836,0.014161220043572984,0.016293279022403257,0.24237472766884532
howtodraw,128,1964,1836,0.06699346405228758,0.06517311608961303,0.4760348583877996
ifthishaircouldtalk,8,1854,1726,0.002317497103128621,0.004314994606256742,0.09559675550405562
ifthishaircouldtalk,32,1854,1726,0.009849362688296639,0.017259978425026967,0.2607184241019699
ifthishaircouldtalk,128,1854,1726,0.05793742757821553,0.06903991370010787,0.5249130938586327
inamoment,8,966,838,0.0059665871121718375,0.008281573498964804,0.08949880668257756
inamoment,32,966,838,0.03937947494033413,0.033126293995859216,0.27684964200477324
inamoment,128,966,838,0.1276849642004773,0.13250517598343686,0.5525059665871122
itsabox,8,1708,1580,0.00569620253164557,0.00468384074941452,0.09430379746835443
itsabox,32,1708,1580,0.019620253164556962,0.01873536299765808,0.26962025316455696
itsabox,128,1708,1580,0.08227848101265822,0.07494145199063232,0.529113924050633
jugglingandjesus,8,887,759,0.006587615283267457,0.009019165727170236,0.08432147562582346
jugglingandjesus,32,887,759,0.03293807641633729,0.036076662908680945,0.25559947299077734
jugglingandjesus,128,887,759,0.11462450592885376,0.14430665163472378,0.5085638998682477
kiksuya,8,1699,1571,0.005092297899427116,0.004708652148322542,0.06365372374283895
kiksuya,32,1699,1571,0.022915340547422024,0.01883460859329017,0.23042647994907703
kiksuya,128,1699,1571,0.07574793125397836,0.07533843437316068,0.4863144493952896
leavingbaghdad,8,1976,1848,0.008116883116883116,0.004048582995951417,0.09361471861471861
leavingbaghdad,32,1976,1848,0.020562770562770564,0.016194331983805668,0.24891774891774893
leavingbaghdad,128,1976,1848,0.0670995670995671,0.06477732793522267,0.49512987012987014
legacy,8,1893,1765,0.0056657223796034,0.004226096143687269,0.08725212464589235
legacy,32,1893,1765,0.013597733711048159,0.016904384574749076,0.26628895184135976
legacy,128,1893,1765,0.06288951841359773,0.0676175382989963,0.5371104815864023
life,8,2209,2081,0.0019221528111484864,0.0036215482118605704,0.09466602594906295
life,32,2209,2081,0.013455069678039404,0.014486192847442281,0.26333493512734263
life,128,2209,2081,0.05766458433445459,0.057944771389769126,0.5290725612686209
lifeanddeathontheoregontrail,8,2389,2261,0.0022114108801415304,0.0033486814566764337,0.08447589562140646
lifeanddeathontheoregontrail,32,2389,2261,0.013710747456877488,0.013394725826705735,0.24413976116762495
lifeanddeathontheoregontrail,128,2389,2261,0.055285272003538256,0.05357890330682294,0.4940291906236179
lifereimagined,8,1800,1672,0.0035885167464114833,0.0044444444444444444,0.0861244019138756
lifereimagined,32,1800,1672,0.016148325358851676,0.017777777777777778,0.23863636363636365
lifereimagined,128,1800,1672,0.06997607655502393,0.07111111111111111,0.4988038277511962
listo,8,2371,2243,0.0035666518056174765,0.003374103753690426,0.11502452073116362
listo,32,2371,2243,0.015158270173874276,0.013496415014761703,0.3102987070887205
listo,128,2371,2243,0.054837271511368704,0.053985660059046814,0.5461435577351761
mayorofthefreaks,8,3274,3146,0.0022250476795931343,0.002443494196701283,0.0880483153210426
mayorofthefreaks,32,3274,3146,0.007310870947234584,0.009773976786805132,0.25206611570247933
mayorofthefreaks,128,3274,3146,0.03814367450731087,0.03909590714722053,0.47425301970756517
metsmagic,8,1477,1349,0.004447739065974796,0.005416384563303994,0.08228317272053373
metsmagic,32,1477,1349,0.01630837657524092,0.021665538253215978,0.2268346923647146
metsmagic,128,1477,1349,0.0770941438102298,0.08666215301286391,0.49147516679021497
mybackseatviewofagreatromance,8,1794,1666,0.003601440576230492,0.004459308807134894,0.06842737094837935
mybackseatviewofagreatromance,32,1794,1666,0.01920768307322929,0.017837235228539576,0.226890756302521
mybackseatviewofagreatromance,128,1794,1666,0.07262905162064826,0.0713489409141583,0.4495798319327731
myfathershands,8,942,814,0.006142506142506142,0.008492569002123142,0.11793611793611794
myfathershands,32,942,814,0.02702702702702703,0.03397027600849257,0.29484029484029484
myfathershands,128,942,814,0.1339066339066339,0.13588110403397027,0.5749385749385749
myfirstdaywiththeyankees,8,2786,2658,0.002257336343115124,0.002871500358937545,0.09367945823927765
myfirstdaywiththeyankees,32,2786,2658,0.009405568096313018,0.01148600143575018,0.27878103837471785
myfirstdaywiththeyankees,128,2786,2658,0.04439428141459744,0.04594400574300072,0.5033860045146726
naked,8,3218,3090,0.0025889967637540453,0.002486016159105034,0.09288025889967638
naked,32,3218,3090,0.008414239482200648,0.009944064636420136,0.2563106796116505
naked,128,3218,3090,0.035922330097087375,0.039776258545680544,0.4893203883495146
notontheusualtour,8,1431,1303,0.0030698388334612432,0.005590496156533892,0.08979278587874137
notontheusualtour,32,1431,1303,0.02072141212586339,0.02236198462613557,0.2908672294704528
notontheusualtour,128,1431,1303,0.0920951650038373,0.08944793850454227,0.5541059094397545
odetostepfather,8,2675,2547,0.002355712603062426,0.0029906542056074765,0.11307420494699646
odetostepfather,32,2675,2547,0.008637612877895563,0.011962616822429906,0.30977620730270905
odetostepfather,128,2675,2547,0.04515115822536317,0.047850467289719624,0.5484884177463683
onlyonewaytofindout,8,1889,1761,0.0034071550255536627,0.004235044997353097,0.07325383304940375
onlyonewaytofindout,32,1889,1761,0.017035775127768313,0.01694017998941239,0.24815445769449176
onlyonewaytofindout,128,1889,1761,0.06700738216922203,0.06776071995764955,0.5184554230550823
penpal,8,1592,1464,0.004098360655737705,0.005025125628140704,0.09699453551912568
penpal,32,1592,1464,0.01912568306010929,0.020100502512562814,0.27117486338797814
penpal,128,1592,1464,0.08469945355191257,0.08040201005025126,0.5136612021857924
quietfire,8,1905,1777,0.006752954417557681,0.004199475065616798,0.11311198649409117
quietfire,32,1905,1777,0.020821609454136185,0.01679790026246719,0.2920652785593697
quietfire,128,1905,1777,0.07034327518289252,0.06719160104986877,0.5149127743387732
reachingoutbetweenthebars,8,1490,1362,0.003671071953010279,0.005369127516778523,0.07121879588839941
reachingoutbetweenthebars,32,1490,1362,0.019823788546255508,0.021476510067114093,0.22173274596182085
reachingoutbetweenthebars,128,1490,1362,0.09324522760646109,0.08590604026845637,0.45374449339207046
shoppinginchina,8,1731,1603,0.004990642545227698,0.00462160600808781,0.08484092326887087
shoppinginchina,32,1731,1603,0.018091079226450407,0.01848642403235124,0.25389893948845915
shoppinginchina,128,1731,1603,0.06986899563318777,0.07394569612940496,0.48346849656893326
singlewomanseekingmanwich,8,1486,1358,0.008100147275405008,0.005383580080753701,0.07363770250368189
singlewomanseekingmanwich,32,1486,1358,0.023564064801178203,0.021534320323014805,0.21649484536082475
singlewomanseekingmanwich,128,1486,1358,0.08321060382916053,0.08613728129205922,0.4565537555228277
sloth,8,2403,2275,0.003076923076923077,0.0033291718684977114,0.08175824175824176
sloth,32,2403,2275,0.011868131868131869,0.013316687473990845,0.24571428571428572
sloth,128,2403,2275,0.04351648351648352,0.05326674989596338,0.47296703296703296
souls,8,1868,1740,0.005172413793103448,0.004282655246252677,0.09540229885057472
souls,32,1868,1740,0.017816091954022988,0.017130620985010708,0.25287356321839083
souls,128,1868,1740,0.06839080459770115,0.06852248394004283,0.49885057471264366
stagefright,8,2067,1939,0.005673027333677153,0.0038703434929850023,0.08303249097472924
stagefright,32,2067,1939,0.01701908200103146,0.015481373971940009,0.26147498710675604
stagefright,128,2067,1939,0.05724600309437854,0.061925495887760036,0.4987106756059825
stumblinginthedark,8,2681,2553,0.004308656482569526,0.0029839612085042896,0.08264786525656091
stumblinginthedark,32,2681,2553,0.012142577359968664,0.011935844834017158,0.23697610654132392
stumblinginthedark,128,2681,2553,0.052878965922444184,0.047743379336068634,0.5033294163728946
superheroesjustforeachother,8,1440,1312,0.008384146341463415,0.005555555555555556,0.06935975609756098
superheroesjustforeachother,32,1440,1312,0.025152439024390245,0.022222222222222223,0.21875
superheroesjustforeachother,128,1440,1312,0.08765243902439024,0.08888888888888889,0.46875
sweetaspie,8,697,569,0.0210896309314587,0.011477761836441894,0.0843585237258348
sweetaspie,32,697,569,0.056239015817223195,0.04591104734576758,0.2513181019332162
sweetaspie,128,697,569,0.21616871704745166,0.1836441893830703,0.5852372583479789
swimmingwithastronauts,8,2127,1999,0.0025012506253126563,0.0037611659614480487,0.08904452226113056
swimmingwithastronauts,32,2127,1999,0.016508254127063533,0.015044663845792195,0.2541270635317659
swimmingwithastronauts,128,2127,1999,0.064032016008004,0.06017865538316878,0.4942471235617809
thatthingonmyarm,8,2073,1945,0.003084832904884319,0.003859141341051616,0.08637532133676093
thatthingonmyarm,32,2073,1945,0.011825192802056555,0.015436565364206465,0.27403598971722365
thatthingonmyarm,128,2073,1945,0.06375321336760925,0.06174626145682586,0.5208226221079691
theadvancedbeginner,8,1624,1496,0.004679144385026738,0.0049261083743842365,0.07954545454545454
theadvancedbeginner,32,1624,1496,0.017379679144385027,0.019704433497536946,0.25066844919786097
theadvancedbeginner,128,1624,1496,0.0875668449197861,0.07881773399014778,0.5367647058823529
theclosetthatateeverything,8,1928,1800,0.0044444444444444444,0.004149377593360996,0.0961111111111111
theclosetthatateeverything,32,1928,1800,0.01888888888888889,0.016597510373443983,0.27166666666666667
theclosetthatateeverything,128,1928,1800,0.065,0.06639004149377593,0.53
thecurse,8,2054,1926,0.007268951194184839,0.0038948393378773127,0.08099688473520249
thecurse,32,2054,1926,0.016614745586708203,0.01557935735150925,0.2512980269989616
thecurse,128,2054,1926,0.06334371754932502,0.062317429406037,0.5114226375908619
thefreedomridersandme,8,1606,1478,0.007442489851150203,0.0049813200498132005,0.09878213802435724
thefreedomridersandme,32,1606,1478,0.022327469553450607,0.019925280199252802,0.28010825439783493
thefreedomridersandme,128,1606,1478,0.08998646820027063,0.07970112079701121,0.5717185385656293
theinterview,8,1079,951,0.00946372239747634,0.0074142724745134385,0.11461619348054679
theinterview,32,1079,951,0.03259726603575184,0.029657089898053754,0.3333333333333333
theinterview,128,1079,951,0.11356466876971609,0.11862835959221502,0.6035751840168244
thepostmanalwayscalls,8,2220,2092,0.0028680688336520078,0.0036036036036036037,0.1161567877629063
thepostmanalwayscalls,32,2220,2092,0.012906309751434034,0.014414414414414415,0.2982791586998088
thepostmanalwayscalls,128,2220,2092,0.061663479923518165,0.05765765765765766,0.5530592734225621
theshower,8,1383,1255,0.006374501992031873,0.005784526391901663,0.10278884462151394
theshower,32,1383,1255,0.02549800796812749,0.023138105567606652,0.27171314741035857
theshower,128,1383,1255,0.09880478087649402,0.09255242227042661,0.5155378486055777
thetiniestbouquet,8,964,836,0.007177033492822967,0.008298755186721992,0.08732057416267942
thetiniestbouquet,32,964,836,0.041866028708133975,0.03319502074688797,0.2727272727272727
thetiniestbouquet,128,964,836,0.13995215311004786,0.13278008298755187,0.5418660287081339
thetriangleshirtwaistconnection,8,1448,1320,0.005303030303030303,0.0055248618784530384,0.08409090909090909
thetriangleshirtwaistconnection,32,1448,1320,0.024242424242424242,0.022099447513812154,0.2628787878787879
thetriangleshirtwaistconnection,128,1448,1320,0.09166666666666666,0.08839779005524862,0.5106060606060606
threemonths,8,2062,1934,0.004653567735263702,0.0038797284190106693,0.11633919338159256
threemonths,32,2062,1934,0.014477766287487074,0.015518913676042677,0.2942088934850052
threemonths,128,2062,1934,0.0641158221302999,0.06207565470417071,0.5408479834539814
thumbsup,8,3083,2955,0.0027072758037225042,0.0025948751216347712,0.09001692047377327
thumbsup,32,3083,2955,0.007106598984771574,0.010379500486539085,0.2436548223350254
thumbsup,128,3083,2955,0.04297800338409476,0.04151800194615634,0.5079526226734349
tildeath,8,2297,2169,0.002305209774089442,0.0034828036569438396,0.08621484555094514
tildeath,32,2297,2169,0.011526048870447211,0.013931214627775359,0.2512678653757492
tildeath,128,2297,2169,0.0557860765329645,0.055724858511101434,0.5163669893960351
treasureisland,8,1763,1635,0.0061162079510703364,0.0045377197958026095,0.0837920489296636
treasureisland,32,1763,1635,0.019571865443425075,0.018150879183210438,0.24036697247706423
treasureisland,128,1763,1635,0.07706422018348624,0.07260351673284175,0.5204892966360857
undertheinfluence,8,1641,1513,0.005287508261731659,0.004875076173065204,0.07997356245869135
undertheinfluence,32,1641,1513,0.020489094514210177,0.019500304692260818,0.25247851949768674
undertheinfluence,128,1641,1513,0.07072042300066093,0.07800121876904327,0.4646397884996695
vixenandtheussr,8,2074,1946,0.0051387461459403904,0.003857280617164899,0.07708119218910586
vixenandtheussr,32,2074,1946,0.019527235354573486,0.015429122468659595,0.24306269270298048
vixenandtheussr,128,2074,1946,0.06423432682425488,0.06171648987463838,0.48663926002055496
waitingtogo,8,1587,1459,0.0054832076764907475,0.005040957781978576,0.10760795065113091
waitingtogo,32,1587,1459,0.02193283070596299,0.020163831127914304,0.2851267991775189
waitingtogo,128,1587,1459,0.07950651130911583,0.08065532451165722,0.49074708704592185
whenmothersbullyback,8,1488,1360,0.0058823529411764705,0.005376344086021506,0.06102941176470588
whenmothersbullyback,32,1488,1360,0.023529411764705882,0.021505376344086023,0.2036764705882353
whenmothersbullyback,128,1488,1360,0.08970588235294118,0.08602150537634409,0.43014705882352944
wheretheressmoke,8,1839,1711,0.0035067212156633548,0.004350190320826536,0.09877264757451783
wheretheressmoke,32,1839,1711,0.017533606078316773,0.017400761283306143,0.25073056691992984
wheretheressmoke,128,1839,1711,0.08240794856808883,0.06960304513322457,0.5137346580946814
wildwomenanddancingqueens,8,1218,1090,0.007339449541284404,0.006568144499178982,0.07889908256880734
wildwomenanddancingqueens,32,1218,1090,0.02110091743119266,0.026272577996715927,0.2724770642201835
wildwomenanddancingqueens,128,1218,1090,0.1018348623853211,0.10509031198686371,0.5596330275229358
